{"nm":"Snowman","ddd":0,"h":500,"w":500,"meta":{"g":"LottieFiles Figma v45"},"layers":[{"ty":4,"nm":"hat","sr":1,"st":0,"op":85,"ip":0,"hd":false,"ddd":0,"bm":0,"hasMask":false,"ao":0,"ks":{"a":{"a":1,"k":[{"o":{"x":0,"y":0},"i":{"x":0.58,"y":1},"s":[85.23,61.43],"t":0},{"o":{"x":0,"y":0},"i":{"x":0.58,"y":1},"s":[85.23,36.43],"t":18},{"o":{"x":0,"y":0},"i":{"x":0.58,"y":1},"s":[85.23,70.49],"t":42},{"o":{"x":0,"y":0},"i":{"x":0.58,"y":1},"s":[85.23,47.2],"t":60},{"s":[85.23,61.43],"t":84}]},"s":{"a":1,"k":[{"o":{"x":0,"y":0},"i":{"x":0.58,"y":1},"s":[100,100],"t":0},{"o":{"x":0,"y":0},"i":{"x":0.58,"y":1},"s":[100,100],"t":18},{"o":{"x":0,"y":0},"i":{"x":0.58,"y":1},"s":[100,100],"t":42},{"o":{"x":0,"y":0},"i":{"x":0.58,"y":1},"s":[100,100],"t":60},{"s":[100,100],"t":84}]},"sk":{"a":0,"k":0},"p":{"a":1,"k":[{"o":{"x":0,"y":0},"i":{"x":0.58,"y":1},"s":[250.46,169.06],"t":0},{"o":{"x":0,"y":0},"i":{"x":0.58,"y":1},"s":[106.38,77.6],"t":18},{"o":{"x":0,"y":0},"i":{"x":0.58,"y":1},"s":[250.46,159.99],"t":42},{"o":{"x":0,"y":0},"i":{"x":0.58,"y":1},"s":[424.15,77.83],"t":60},{"s":[250.46,169.06],"t":84}]},"r":{"a":1,"k":[{"o":{"x":0,"y":0},"i":{"x":0.58,"y":1},"s":[0],"t":0},{"o":{"x":0,"y":0},"i":{"x":0.58,"y":1},"s":[-15],"t":18},{"o":{"x":0,"y":0},"i":{"x":0.58,"y":1},"s":[0],"t":42},{"o":{"x":0,"y":0},"i":{"x":0.58,"y":1},"s":[30],"t":60},{"s":[0],"t":84}]},"sa":{"a":0,"k":0},"o":{"a":1,"k":[{"o":{"x":0,"y":0},"i":{"x":0.58,"y":1},"s":[100],"t":0},{"o":{"x":0,"y":0},"i":{"x":0.58,"y":1},"s":[100],"t":18},{"o":{"x":0,"y":0},"i":{"x":0.58,"y":1},"s":[100],"t":42},{"o":{"x":0,"y":0},"i":{"x":0.58,"y":1},"s":[100],"t":60},{"s":[100],"t":84}]}},"shapes":[],"ind":1},{"ty":4,"nm":"ball","sr":1,"st":0,"op":85,"ip":0,"hd":false,"ddd":0,"bm":0,"hasMask":false,"ao":0,"ks":{"a":{"a":1,"k":[{"o":{"x":0,"y":0},"i":{"x":0.58,"y":1},"s":[14.65,14.65],"t":0},{"o":{"x":0,"y":0},"i":{"x":0.58,"y":1},"s":[14.65,14.65],"t":18},{"o":{"x":0,"y":0},"i":{"x":0.58,"y":1},"s":[14.65,14.65],"t":42},{"o":{"x":0,"y":0},"i":{"x":0.58,"y":1},"s":[14.65,14.65],"t":60},{"s":[14.65,14.65],"t":84}]},"s":{"a":1,"k":[{"o":{"x":0,"y":0},"i":{"x":0.58,"y":1},"s":[100,100],"t":0},{"o":{"x":0,"y":0},"i":{"x":0.58,"y":1},"s":[100,100],"t":18},{"o":{"x":0,"y":0},"i":{"x":0.58,"y":1},"s":[100,100],"t":42},{"o":{"x":0,"y":0},"i":{"x":0.58,"y":1},"s":[100,100],"t":60},{"s":[100,100],"t":84}]},"sk":{"a":0,"k":0},"p":{"a":1,"k":[{"o":{"x":0,"y":0},"i":{"x":0.58,"y":1},"s":[32.73,14.65],"t":0},{"o":{"x":0,"y":0},"i":{"x":0.58,"y":1},"s":[142.92,27.56],"t":18},{"o":{"x":0,"y":0},"i":{"x":0.58,"y":1},"s":[80.69,14.65],"t":42},{"o":{"x":0,"y":0},"i":{"x":0.58,"y":1},"s":[22.77,39.46],"t":60},{"s":[32.73,14.65],"t":84}]},"r":{"a":1,"k":[{"o":{"x":0,"y":0},"i":{"x":0.58,"y":1},"s":[0],"t":0},{"o":{"x":0,"y":0},"i":{"x":0.58,"y":1},"s":[0],"t":18},{"o":{"x":0,"y":0},"i":{"x":0.58,"y":1},"s":[0],"t":42},{"o":{"x":0,"y":0},"i":{"x":0.58,"y":1},"s":[0],"t":60},{"s":[0],"t":84}]},"sa":{"a":0,"k":0},"o":{"a":1,"k":[{"o":{"x":0,"y":0},"i":{"x":0.58,"y":1},"s":[100],"t":0},{"o":{"x":0,"y":0},"i":{"x":0.58,"y":1},"s":[100],"t":18},{"o":{"x":0,"y":0},"i":{"x":0.58,"y":1},"s":[100],"t":42},{"o":{"x":0,"y":0},"i":{"x":0.58,"y":1},"s":[100],"t":60},{"s":[100],"t":84}]}},"shapes":[{"ty":"sh","bm":0,"hd":false,"nm":"","d":1,"ks":{"a":1,"k":[{"o":{"x":0,"y":0},"i":{"x":0.58,"y":1},"s":[{"c":true,"i":[[-8.08,0],[0,-8.08],[8.08,0],[0,8.08]],"o":[[8.08,0],[0,8.08],[-8.08,0],[0,-8.08]],"v":[[14.65,0],[29.3,14.65],[14.65,29.3],[0,14.65]]}],"t":0},{"o":{"x":0,"y":0},"i":{"x":0.58,"y":1},"s":[{"c":true,"i":[[-8.08,0],[0,-8.08],[8.08,0],[0,8.08]],"o":[[8.08,0],[0,8.08],[-8.08,0],[0,-8.08]],"v":[[14.65,0],[29.3,14.65],[14.65,29.3],[0,14.65]]}],"t":18},{"o":{"x":0,"y":0},"i":{"x":0.58,"y":1},"s":[{"c":true,"i":[[-8.08,0],[0,-8.08],[8.08,0],[0,8.08]],"o":[[8.08,0],[0,8.08],[-8.08,0],[0,-8.08]],"v":[[14.65,0],[29.3,14.65],[14.65,29.3],[0,14.65]]}],"t":42},{"o":{"x":0,"y":0},"i":{"x":0.58,"y":1},"s":[{"c":true,"i":[[-8.08,0],[0,-8.08],[8.08,0],[0,8.08]],"o":[[8.08,0],[0,8.08],[-8.08,0],[0,-8.08]],"v":[[14.65,0],[29.3,14.65],[14.65,29.3],[0,14.65]]}],"t":60},{"s":[{"c":true,"i":[[-8.08,0],[0,-8.08],[8.08,0],[0,8.08]],"o":[[8.08,0],[0,8.08],[-8.08,0],[0,-8.08]],"v":[[14.65,0],[29.3,14.65],[14.65,29.3],[0,14.65]]}],"t":84}]}},{"ty":"gf","bm":0,"hd":false,"nm":"","e":{"a":1,"k":[{"o":{"x":0,"y":0},"i":{"x":0.58,"y":1},"s":[50.60000038146973,-0.09462960809469223],"t":0},{"o":{"x":0,"y":0},"i":{"x":0.58,"y":1},"s":[50.60000038146973,-0.09462960809469223],"t":18},{"o":{"x":0,"y":0},"i":{"x":0.58,"y":1},"s":[50.60000038146973,-0.09462960809469223],"t":42},{"o":{"x":0,"y":0},"i":{"x":0.58,"y":1},"s":[50.60000038146973,-0.09462960809469223],"t":60},{"s":[50.60000038146973,-0.09462960809469223],"t":84}]},"g":{"p":2,"k":{"a":1,"k":[{"o":{"x":0,"y":0},"i":{"x":0.58,"y":1},"s":[0.662392258644104,0.9958631354593763,0.9958631354593763,0.9958631354593763,1,0.9426422673487196,0.9426422673487196,0.9426422673487196],"t":0},{"o":{"x":0,"y":0},"i":{"x":0.58,"y":1},"s":[0.662392258644104,0.9958631354593763,0.9958631354593763,0.9958631354593763,1,0.9426422673487196,0.9426422673487196,0.9426422673487196],"t":18},{"o":{"x":0,"y":0},"i":{"x":0.58,"y":1},"s":[0.662392258644104,0.9958631354593763,0.9958631354593763,0.9958631354593763,1,0.9426422673487196,0.9426422673487196,0.9426422673487196],"t":42},{"o":{"x":0,"y":0},"i":{"x":0.58,"y":1},"s":[0.662392258644104,0.9958631354593763,0.9958631354593763,0.9958631354593763,1,0.9426422673487196,0.9426422673487196,0.9426422673487196],"t":60},{"s":[0.662392258644104,0.9958631354593763,0.9958631354593763,0.9958631354593763,1,0.9426422673487196,0.9426422673487196,0.9426422673487196],"t":84}]}},"t":2,"a":{"a":0,"k":0},"h":{"a":0,"k":0},"s":{"a":1,"k":[{"o":{"x":0,"y":0},"i":{"x":0.58,"y":1},"s":[14.491800308227539,-0.09462960809469223],"t":0},{"o":{"x":0,"y":0},"i":{"x":0.58,"y":1},"s":[14.491800308227539,-0.09462960809469223],"t":18},{"o":{"x":0,"y":0},"i":{"x":0.58,"y":1},"s":[14.491800308227539,-0.09462960809469223],"t":42},{"o":{"x":0,"y":0},"i":{"x":0.58,"y":1},"s":[14.491800308227539,-0.09462960809469223],"t":60},{"s":[14.491800308227539,-0.09462960809469223],"t":84}]},"r":1,"o":{"a":1,"k":[{"o":{"x":0,"y":0},"i":{"x":0.58,"y":1},"s":[100],"t":0},{"o":{"x":0,"y":0},"i":{"x":0.58,"y":1},"s":[100],"t":18},{"o":{"x":0,"y":0},"i":{"x":0.58,"y":1},"s":[100],"t":42},{"o":{"x":0,"y":0},"i":{"x":0.58,"y":1},"s":[100],"t":60},{"s":[100],"t":84}]}}],"ind":2,"parent":1},{"ty":4,"nm":"hoop","sr":1,"st":0,"op":85,"ip":0,"hd":false,"ddd":0,"bm":0,"hasMask":false,"ao":0,"ks":{"a":{"a":1,"k":[{"o":{"x":0,"y":0},"i":{"x":0.58,"y":1},"s":[85.23,26.28],"t":0},{"o":{"x":0,"y":0},"i":{"x":0.58,"y":1},"s":[85.23,26.28],"t":18},{"o":{"x":0,"y":0},"i":{"x":0.58,"y":1},"s":[85.23,26.28],"t":42},{"o":{"x":0,"y":0},"i":{"x":0.58,"y":1},"s":[85.23,26.28],"t":60},{"s":[85.23,26.28],"t":84}]},"s":{"a":1,"k":[{"o":{"x":0,"y":0},"i":{"x":0.58,"y":1},"s":[100,100],"t":0},{"o":{"x":0,"y":0},"i":{"x":0.58,"y":1},"s":[100,100],"t":18},{"o":{"x":0,"y":0},"i":{"x":0.58,"y":1},"s":[100,100],"t":42},{"o":{"x":0,"y":0},"i":{"x":0.58,"y":1},"s":[100,100],"t":60},{"s":[100,100],"t":84}]},"sk":{"a":0,"k":0},"p":{"a":1,"k":[{"o":{"x":0,"y":0},"i":{"x":0.58,"y":1},"s":[85.73,97.08],"t":0},{"o":{"x":0,"y":0},"i":{"x":0.58,"y":1},"s":[85.59,47.19],"t":18},{"o":{"x":0,"y":0},"i":{"x":0.58,"y":1},"s":[85.73,115.21],"t":42},{"o":{"x":0,"y":0},"i":{"x":0.58,"y":1},"s":[85.92,68.3],"t":60},{"s":[85.73,97.08],"t":84}]},"r":{"a":1,"k":[{"o":{"x":0,"y":0},"i":{"x":0.58,"y":1},"s":[0],"t":0},{"o":{"x":0,"y":0},"i":{"x":0.58,"y":1},"s":[0],"t":18},{"o":{"x":0,"y":0},"i":{"x":0.58,"y":1},"s":[0],"t":42},{"o":{"x":0,"y":0},"i":{"x":0.58,"y":1},"s":[0],"t":60},{"s":[0],"t":84}]},"sa":{"a":0,"k":0},"o":{"a":1,"k":[{"o":{"x":0,"y":0},"i":{"x":0.58,"y":1},"s":[100],"t":0},{"o":{"x":0,"y":0},"i":{"x":0.58,"y":1},"s":[100],"t":18},{"o":{"x":0,"y":0},"i":{"x":0.58,"y":1},"s":[100],"t":42},{"o":{"x":0,"y":0},"i":{"x":0.58,"y":1},"s":[100],"t":60},{"s":[100],"t":84}]}},"shapes":[{"ty":"sh","bm":0,"hd":false,"nm":"","d":1,"ks":{"a":1,"k":[{"o":{"x":0,"y":0},"i":{"x":0.58,"y":1},"s":[{"c":true,"i":[[0,0],[0,0],[-38.71156911372671,-0.6670615487984397],[-11.57171711565945,-3.629599603756216],[0,0],[21.035870632934188,0.33353077439921985],[20.339976991958107,-7.180721378242027]],"o":[[0,0],[8.241368976702477,-2.089472204324524],[38.71156911372671,0.6670615487984397],[0,0],[-18.33182677085569,-11.64414791799629],[-35.401103650226204,-0.5002961615988297],[0,0]],"v":[[7.27705921706419,13.154846131451581],[0,45.61523826342271],[79.85876597086973,34.706819994836465],[169.46998425313285,51.559933830655865],[162.9385253656859,19.099541698684735],[82.85110862706689,0.029429185976401748],[7.27705921706419,13.154846131451581]]}],"t":0},{"o":{"x":0,"y":0},"i":{"x":0.58,"y":1},"s":[{"c":true,"i":[[0,0],[0,0],[-38.71156911372671,-0.6670615487984397],[-11.57171711565945,-3.629599603756216],[0,0],[21.035870632934188,0.33353077439921985],[20.339976991958107,-7.180721378242027]],"o":[[0,0],[8.241368976702477,-2.089472204324524],[38.71156911372671,0.6670615487984397],[0,0],[-18.33182677085569,-11.64414791799629],[-35.401103650226204,-0.5002961615988297],[0,0]],"v":[[7.27705921706419,13.154846131451581],[0,45.61523826342271],[79.85876597086973,34.706819994836465],[169.46998425313285,51.559933830655865],[162.9385253656859,19.099541698684735],[82.85110862706689,0.029429185976401748],[7.27705921706419,13.154846131451581]]}],"t":18},{"o":{"x":0,"y":0},"i":{"x":0.58,"y":1},"s":[{"c":true,"i":[[0,0],[0,0],[-38.71156911372671,-0.6670615487984397],[-11.57171711565945,-3.629599603756216],[0,0],[21.035870632934188,0.33353077439921985],[20.339976991958107,-7.180721378242027]],"o":[[0,0],[8.241368976702477,-2.089472204324524],[38.71156911372671,0.6670615487984397],[0,0],[-18.33182677085569,-11.64414791799629],[-35.401103650226204,-0.5002961615988297],[0,0]],"v":[[7.27705921706419,13.154846131451581],[0,45.61523826342271],[79.85876597086973,34.706819994836465],[169.46998425313285,51.559933830655865],[162.9385253656859,19.099541698684735],[82.85110862706689,0.029429185976401748],[7.27705921706419,13.154846131451581]]}],"t":42},{"o":{"x":0,"y":0},"i":{"x":0.58,"y":1},"s":[{"c":true,"i":[[0,0],[0,0],[-38.71156911372671,-0.6670615487984397],[-11.57171711565945,-3.629599603756216],[0,0],[21.035870632934188,0.33353077439921985],[20.339976991958107,-7.180721378242027]],"o":[[0,0],[8.241368976702477,-2.089472204324524],[38.71156911372671,0.6670615487984397],[0,0],[-18.33182677085569,-11.64414791799629],[-35.401103650226204,-0.5002961615988297],[0,0]],"v":[[7.27705921706419,13.154846131451581],[0,45.61523826342271],[79.85876597086973,34.706819994836465],[169.46998425313285,51.559933830655865],[162.9385253656859,19.099541698684735],[82.85110862706689,0.029429185976401748],[7.27705921706419,13.154846131451581]]}],"t":60},{"s":[{"c":true,"i":[[0,0],[0,0],[-38.71156911372671,-0.6670615487984397],[-11.57171711565945,-3.629599603756216],[0,0],[21.035870632934188,0.33353077439921985],[20.339976991958107,-7.180721378242027]],"o":[[0,0],[8.241368976702477,-2.089472204324524],[38.71156911372671,0.6670615487984397],[0,0],[-18.33182677085569,-11.64414791799629],[-35.401103650226204,-0.5002961615988297],[0,0]],"v":[[7.27705921706419,13.154846131451581],[0,45.61523826342271],[79.85876597086973,34.706819994836465],[169.46998425313285,51.559933830655865],[162.9385253656859,19.099541698684735],[82.85110862706689,0.029429185976401748],[7.27705921706419,13.154846131451581]]}],"t":84}]}},{"ty":"gs","bm":0,"hd":false,"nm":"","e":{"a":1,"k":[{"o":{"x":0,"y":0},"i":{"x":0.58,"y":1},"s":[74.76640319824219,31.688100814819336],"t":0},{"o":{"x":0,"y":0},"i":{"x":0.58,"y":1},"s":[74.76640319824219,31.688100814819336],"t":18},{"o":{"x":0,"y":0},"i":{"x":0.58,"y":1},"s":[74.76640319824219,31.688100814819336],"t":42},{"o":{"x":0,"y":0},"i":{"x":0.58,"y":1},"s":[74.76640319824219,31.688100814819336],"t":60},{"s":[74.76640319824219,31.688100814819336],"t":84}]},"g":{"p":2,"k":{"a":1,"k":[{"o":{"x":0,"y":0},"i":{"x":0.58,"y":1},"s":[0,0.7583956676744947,0.7583956676744947,0.7583956676744947,1,1,1,1,0,1,1,0],"t":0},{"o":{"x":0,"y":0},"i":{"x":0.58,"y":1},"s":[0,0.7583956676744947,0.7583956676744947,0.7583956676744947,1,1,1,1,0,1,1,0],"t":18},{"o":{"x":0,"y":0},"i":{"x":0.58,"y":1},"s":[0,0.7583956676744947,0.7583956676744947,0.7583956676744947,1,1,1,1,0,1,1,0],"t":42},{"o":{"x":0,"y":0},"i":{"x":0.58,"y":1},"s":[0,0.7583956676744947,0.7583956676744947,0.7583956676744947,1,1,1,1,0,1,1,0],"t":60},{"s":[0,0.7583956676744947,0.7583956676744947,0.7583956676744947,1,1,1,1,0,1,1,0],"t":84}]}},"t":1,"a":{"a":0,"k":0},"h":{"a":0,"k":0},"s":{"a":1,"k":[{"o":{"x":0,"y":0},"i":{"x":0.58,"y":1},"s":[74.76640319824219,37.486698150634766],"t":0},{"o":{"x":0,"y":0},"i":{"x":0.58,"y":1},"s":[74.76640319824219,37.486698150634766],"t":18},{"o":{"x":0,"y":0},"i":{"x":0.58,"y":1},"s":[74.76640319824219,37.486698150634766],"t":42},{"o":{"x":0,"y":0},"i":{"x":0.58,"y":1},"s":[74.76640319824219,37.486698150634766],"t":60},{"s":[74.76640319824219,37.486698150634766],"t":84}]},"lc":1,"lj":1,"ml":4,"o":{"a":1,"k":[{"o":{"x":0,"y":0},"i":{"x":0.58,"y":1},"s":[100],"t":0},{"o":{"x":0,"y":0},"i":{"x":0.58,"y":1},"s":[100],"t":18},{"o":{"x":0,"y":0},"i":{"x":0.58,"y":1},"s":[100],"t":42},{"o":{"x":0,"y":0},"i":{"x":0.58,"y":1},"s":[100],"t":60},{"s":[100],"t":84}]},"w":{"a":1,"k":[{"o":{"x":0,"y":0},"i":{"x":0.58,"y":1},"s":[1],"t":0},{"o":{"x":0,"y":0},"i":{"x":0.58,"y":1},"s":[1],"t":18},{"o":{"x":0,"y":0},"i":{"x":0.58,"y":1},"s":[1],"t":42},{"o":{"x":0,"y":0},"i":{"x":0.58,"y":1},"s":[1],"t":60},{"s":[1],"t":84}]}},{"ty":"fl","bm":0,"hd":false,"nm":"","c":{"a":1,"k":[{"o":{"x":0,"y":0},"i":{"x":0.58,"y":1},"s":[0.9961,0.9961,0.9961],"t":0},{"o":{"x":0,"y":0},"i":{"x":0.58,"y":1},"s":[0.9961,0.9961,0.9961],"t":18},{"o":{"x":0,"y":0},"i":{"x":0.58,"y":1},"s":[0.9961,0.9961,0.9961],"t":42},{"o":{"x":0,"y":0},"i":{"x":0.58,"y":1},"s":[0.9961,0.9961,0.9961],"t":60},{"s":[0.9961,0.9961,0.9961],"t":84}]},"r":1,"o":{"a":1,"k":[{"o":{"x":0,"y":0},"i":{"x":0.58,"y":1},"s":[100],"t":0},{"o":{"x":0,"y":0},"i":{"x":0.58,"y":1},"s":[100],"t":18},{"o":{"x":0,"y":0},"i":{"x":0.58,"y":1},"s":[100],"t":42},{"o":{"x":0,"y":0},"i":{"x":0.58,"y":1},"s":[100],"t":60},{"s":[100],"t":84}]}}],"ind":3,"parent":1},{"ty":4,"nm":"red","sr":1,"st":0,"op":85,"ip":0,"hd":false,"ddd":0,"bm":0,"hasMask":false,"ao":0,"ks":{"a":{"a":1,"k":[{"o":{"x":0,"y":0},"i":{"x":0.58,"y":1},"s":[71.54,46.64],"t":0},{"o":{"x":0,"y":0},"i":{"x":0.58,"y":1},"s":[71.76,27.21],"t":18},{"o":{"x":0,"y":0},"i":{"x":0.58,"y":1},"s":[71.5,52.93],"t":42},{"o":{"x":0,"y":0},"i":{"x":0.58,"y":1},"s":[71.71,37.98],"t":60},{"s":[71.54,46.64],"t":84}]},"s":{"a":1,"k":[{"o":{"x":0,"y":0},"i":{"x":0.58,"y":1},"s":[100,100],"t":0},{"o":{"x":0,"y":0},"i":{"x":0.58,"y":1},"s":[100,100],"t":18},{"o":{"x":0,"y":0},"i":{"x":0.58,"y":1},"s":[100,100],"t":42},{"o":{"x":0,"y":0},"i":{"x":0.58,"y":1},"s":[100,100],"t":60},{"s":[100,100],"t":84}]},"sk":{"a":0,"k":0},"p":{"a":1,"k":[{"o":{"x":0,"y":0},"i":{"x":0.58,"y":1},"s":[84.66,57.78],"t":0},{"o":{"x":0,"y":0},"i":{"x":0.58,"y":1},"s":[85.46,27.21],"t":18},{"o":{"x":0,"y":0},"i":{"x":0.58,"y":1},"s":[85,69.62],"t":42},{"o":{"x":0,"y":0},"i":{"x":0.58,"y":1},"s":[84.57,37.98],"t":60},{"s":[84.66,57.78],"t":84}]},"r":{"a":1,"k":[{"o":{"x":0,"y":0},"i":{"x":0.58,"y":1},"s":[0],"t":0},{"o":{"x":0,"y":0},"i":{"x":0.58,"y":1},"s":[0],"t":18},{"o":{"x":0,"y":0},"i":{"x":0.58,"y":1},"s":[0],"t":42},{"o":{"x":0,"y":0},"i":{"x":0.58,"y":1},"s":[0],"t":60},{"s":[0],"t":84}]},"sa":{"a":0,"k":0},"o":{"a":1,"k":[{"o":{"x":0,"y":0},"i":{"x":0.58,"y":1},"s":[100],"t":0},{"o":{"x":0,"y":0},"i":{"x":0.58,"y":1},"s":[100],"t":18},{"o":{"x":0,"y":0},"i":{"x":0.58,"y":1},"s":[100],"t":42},{"o":{"x":0,"y":0},"i":{"x":0.58,"y":1},"s":[100],"t":60},{"s":[100],"t":84}]}},"shapes":[{"ty":"sh","bm":0,"hd":false,"nm":"","d":1,"ks":{"a":1,"k":[{"o":{"x":0,"y":0},"i":{"x":0.58,"y":1},"s":[{"c":true,"i":[[0,0],[-31.57,0],[-13.05,-4.4],[7.54,10.69],[31.74,24.05],[-0.94,-4.25],[10.49,-9.63],[-2.75,-18.38]],"o":[[12.27,-3.15],[25.74,0],[0.94,-12.43],[-16.99,-24.06],[-9.61,-7.29],[9.44,2.67],[-10.61,9.74],[0,0]],"v":[[0.77,87.48],[67.19,77.88],[142.95,93.29],[132.09,52.63],[29.23,2.69],[14.53,9.03],[13.39,46.06],[0.77,87.48]]}],"t":0},{"o":{"x":0,"y":0},"i":{"x":0.58,"y":1},"s":[{"c":true,"i":[[0,0],[-31.57,0],[-13.05,-4.4],[7.13,10.97],[13.45,11.92],[5.25,0.67],[22.32,-9.09],[-2.75,-18.38]],"o":[[12.27,-3.15],[25.74,0],[0.94,-12.43],[-3.84,-5.9],[-5.69,-5.05],[-29.46,-14.39],[-13.34,5.43],[0,0]],"v":[[0.19,48.61],[66.61,39.01],[142.37,54.42],[138.58,33.36],[136.57,20.63],[122.71,14.75],[38.61,4.62],[0.19,48.61]]}],"t":18},{"o":{"x":0,"y":0},"i":{"x":0.58,"y":1},"s":[{"c":true,"i":[[0,0],[-31.57,0],[-13.05,-4.4],[4.34,12.34],[6.94,43.67],[-0.94,-4.25],[10.49,-9.63],[-2.75,-18.38]],"o":[[12.27,-3.15],[25.74,0],[0.94,-12.43],[-5.1,-14.48],[-1.64,-10.32],[-3.67,34.69],[-10.61,9.74],[0,0]],"v":[[0.38,100.06],[66.8,90.46],[142.57,105.87],[138.8,72.24],[78.76,5.83],[57.95,5.42],[20.81,60.98],[0.38,100.06]]}],"t":42},{"o":{"x":0,"y":0},"i":{"x":0.58,"y":1},"s":[{"c":true,"i":[[0,0],[-31.57,0],[-13.05,-4.4],[6.77,11.2],[15.58,-55.54],[-0.94,-4.25],[4.99,-1.63],[-2.75,-18.38]],"o":[[12.27,-3.15],[25.74,0],[0.94,-12.43],[-15.21,-25.16],[-3.26,11.61],[9.44,2.67],[-13.69,4.49],[0,0]],"v":[[1.04,70.15],[67.46,60.55],[143.22,75.96],[135.19,37.85],[5.97,27.9],[14.64,28.45],[14.16,35.33],[1.04,70.15]]}],"t":60},{"s":[{"c":true,"i":[[0,0],[-31.57,0],[-13.05,-4.4],[7.54,10.69],[31.74,24.05],[-0.94,-4.25],[10.49,-9.63],[-2.75,-18.38]],"o":[[12.27,-3.15],[25.74,0],[0.94,-12.43],[-16.99,-24.06],[-9.61,-7.29],[9.44,2.67],[-10.61,9.74],[0,0]],"v":[[0.77,87.48],[67.19,77.88],[142.95,93.29],[132.09,52.63],[29.23,2.69],[14.53,9.03],[13.39,46.06],[0.77,87.48]]}],"t":84}]}},{"ty":"fl","bm":0,"hd":false,"nm":"","c":{"a":1,"k":[{"o":{"x":0,"y":0},"i":{"x":0.58,"y":1},"s":[0.9045,0.5094,0.5094],"t":0},{"o":{"x":0,"y":0},"i":{"x":0.58,"y":1},"s":[0.9045,0.5094,0.5094],"t":18},{"o":{"x":0,"y":0},"i":{"x":0.58,"y":1},"s":[0.9045,0.5094,0.5094],"t":42},{"o":{"x":0,"y":0},"i":{"x":0.58,"y":1},"s":[0.9045,0.5094,0.5094],"t":60},{"s":[0.9045,0.5094,0.5094],"t":84}]},"r":1,"o":{"a":1,"k":[{"o":{"x":0,"y":0},"i":{"x":0.58,"y":1},"s":[100],"t":0},{"o":{"x":0,"y":0},"i":{"x":0.58,"y":1},"s":[100],"t":18},{"o":{"x":0,"y":0},"i":{"x":0.58,"y":1},"s":[100],"t":42},{"o":{"x":0,"y":0},"i":{"x":0.58,"y":1},"s":[100],"t":60},{"s":[100],"t":84}]}}],"ind":4,"parent":1},{"ty":0,"nm":"head","sr":1,"st":0,"op":85,"ip":0,"hd":false,"ddd":0,"bm":0,"hasMask":false,"ao":0,"ks":{"a":{"a":1,"k":[{"o":{"x":0,"y":0},"i":{"x":0.58,"y":1},"s":[83.5,139],"t":0},{"o":{"x":0,"y":0},"i":{"x":0.58,"y":1},"s":[83.5,139],"t":18},{"o":{"x":0,"y":0},"i":{"x":0.58,"y":1},"s":[83.5,139],"t":42},{"o":{"x":0,"y":0},"i":{"x":0.58,"y":1},"s":[83.5,139],"t":60},{"s":[83.5,139],"t":84}]},"s":{"a":1,"k":[{"o":{"x":0,"y":0},"i":{"x":0.58,"y":1},"s":[100,100],"t":0},{"o":{"x":0,"y":0},"i":{"x":0.58,"y":1},"s":[100,100],"t":18},{"o":{"x":0,"y":0},"i":{"x":0.58,"y":1},"s":[100,100],"t":42},{"o":{"x":0,"y":0},"i":{"x":0.58,"y":1},"s":[100,100],"t":60},{"s":[100,100],"t":84}]},"sk":{"a":0,"k":0},"p":{"a":1,"k":[{"o":{"x":0,"y":0},"i":{"x":0.58,"y":1},"s":[248.5,301],"t":0},{"o":{"x":0,"y":0},"i":{"x":0.58,"y":1},"s":[159.26,204.74],"t":18},{"o":{"x":0,"y":0},"i":{"x":0.58,"y":1},"s":[248.5,301],"t":42},{"o":{"x":0,"y":0},"i":{"x":0.58,"y":1},"s":[343.06,201.49],"t":60},{"s":[248.5,301],"t":84}]},"r":{"a":1,"k":[{"o":{"x":0,"y":0},"i":{"x":0.58,"y":1},"s":[0],"t":0},{"o":{"x":0,"y":0},"i":{"x":0.58,"y":1},"s":[-29.01],"t":18},{"o":{"x":0,"y":0},"i":{"x":0.58,"y":1},"s":[0],"t":42},{"o":{"x":0,"y":0},"i":{"x":0.58,"y":1},"s":[36.74],"t":60},{"s":[0],"t":84}]},"sa":{"a":0,"k":0},"o":{"a":1,"k":[{"o":{"x":0,"y":0},"i":{"x":0.58,"y":1},"s":[100],"t":0},{"o":{"x":0,"y":0},"i":{"x":0.58,"y":1},"s":[100],"t":18},{"o":{"x":0,"y":0},"i":{"x":0.58,"y":1},"s":[100],"t":42},{"o":{"x":0,"y":0},"i":{"x":0.58,"y":1},"s":[100],"t":60},{"s":[100],"t":84}]}},"w":167,"h":278,"refId":"1","ind":5},{"ty":4,"nm":"r arm","sr":1,"st":0,"op":85,"ip":0,"hd":false,"ddd":0,"bm":0,"hasMask":false,"ao":0,"ks":{"a":{"a":1,"k":[{"o":{"x":0,"y":0},"i":{"x":0.58,"y":1},"s":[52.05,44.05],"t":0},{"o":{"x":0,"y":0},"i":{"x":0.58,"y":1},"s":[34.99,74.66],"t":18},{"o":{"x":0,"y":0},"i":{"x":0.58,"y":1},"s":[52.05,44.05],"t":42},{"o":{"x":0,"y":0},"i":{"x":0.58,"y":1},"s":[39.57,93.26],"t":60},{"s":[52.05,44.05],"t":84}]},"s":{"a":1,"k":[{"o":{"x":0,"y":0},"i":{"x":0.58,"y":1},"s":[100,100],"t":0},{"o":{"x":0,"y":0},"i":{"x":0.58,"y":1},"s":[100,100],"t":18},{"o":{"x":0,"y":0},"i":{"x":0.58,"y":1},"s":[100,100],"t":42},{"o":{"x":0,"y":0},"i":{"x":0.58,"y":1},"s":[100,100],"t":60},{"s":[100,100],"t":84}]},"sk":{"a":0,"k":0},"p":{"a":1,"k":[{"o":{"x":0,"y":0},"i":{"x":0.58,"y":1},"s":[103.67,305.65],"t":0},{"o":{"x":0,"y":0},"i":{"x":0.58,"y":1},"s":[91.59,327.26],"t":18},{"o":{"x":0,"y":0},"i":{"x":0.58,"y":1},"s":[115.85,280.26],"t":42},{"o":{"x":0,"y":0},"i":{"x":0.58,"y":1},"s":[144.03,277.84],"t":60},{"s":[103.67,305.65],"t":84}]},"r":{"a":1,"k":[{"o":{"x":0,"y":0},"i":{"x":0.58,"y":1},"s":[0],"t":0},{"o":{"x":0,"y":0},"i":{"x":0.58,"y":1},"s":[0],"t":18},{"o":{"x":0,"y":0},"i":{"x":0.58,"y":1},"s":[21.85],"t":42},{"o":{"x":0,"y":0},"i":{"x":0.58,"y":1},"s":[30.44],"t":60},{"s":[-0.01],"t":84}]},"sa":{"a":0,"k":0},"o":{"a":1,"k":[{"o":{"x":0,"y":0},"i":{"x":0.58,"y":1},"s":[100],"t":0},{"o":{"x":0,"y":0},"i":{"x":0.58,"y":1},"s":[100],"t":18},{"o":{"x":0,"y":0},"i":{"x":0.58,"y":1},"s":[100],"t":42},{"o":{"x":0,"y":0},"i":{"x":0.58,"y":1},"s":[100],"t":60},{"s":[100],"t":84}]}},"shapes":[{"ty":"sh","bm":0,"hd":false,"nm":"","d":1,"ks":{"a":1,"k":[{"o":{"x":0,"y":0},"i":{"x":0.58,"y":1},"s":[{"c":false,"i":[[0,0],[0,0],[0,0]],"o":[[0,0],[0,0],[0,0]],"v":[[104.11,38.71],[44.7,88.09],[18.69,28.03]]}],"t":0},{"o":{"x":0,"y":0},"i":{"x":0.58,"y":1},"s":[{"c":false,"i":[[0,0],[0,0],[0,0]],"o":[[0,0],[0,0],[0,0]],"v":[[69.97,0],[36.79,90.17],[21.64,119.03]]}],"t":18},{"o":{"x":0,"y":0},"i":{"x":0.58,"y":1},"s":[{"c":false,"i":[[0,0],[0,0],[0,0]],"o":[[0,0],[0,0],[0,0]],"v":[[104.11,38.71],[44.7,88.09],[18.69,28.03]]}],"t":42},{"o":{"x":0,"y":0},"i":{"x":0.58,"y":1},"s":[{"c":false,"i":[[0,0],[0,0],[0,0]],"o":[[0,0],[0,0],[0,0]],"v":[[79.15,0],[46.65,93.62],[21.64,156.23]]}],"t":60},{"s":[{"c":false,"i":[[0,0],[0,0],[0,0]],"o":[[0,0],[0,0],[0,0]],"v":[[104.11,38.71],[44.7,88.09],[18.69,28.03]]}],"t":84}]}},{"ty":"sh","bm":0,"hd":false,"nm":"","d":1,"ks":{"a":1,"k":[{"o":{"x":0,"y":0},"i":{"x":0.58,"y":1},"s":[{"c":false,"i":[[0,0],[0,0]],"o":[[0,0],[0,0]],"v":[[0,0],[18.69,28.03]]}],"t":0},{"o":{"x":0,"y":0},"i":{"x":0.58,"y":1},"s":[{"c":false,"i":[[0,0],[0,0]],"o":[[0,0],[0,0]],"v":[[5.77,149.32],[21.64,119.03]]}],"t":18},{"o":{"x":0,"y":0},"i":{"x":0.58,"y":1},"s":[{"c":false,"i":[[0,0],[0,0]],"o":[[0,0],[0,0]],"v":[[0,0],[18.69,28.03]]}],"t":42},{"o":{"x":0,"y":0},"i":{"x":0.58,"y":1},"s":[{"c":false,"i":[[0,0],[0,0]],"o":[[0,0],[0,0]],"v":[[5.77,186.53],[21.64,156.23]]}],"t":60},{"s":[{"c":false,"i":[[0,0],[0,0]],"o":[[0,0],[0,0]],"v":[[0,0],[18.69,28.03]]}],"t":84}]}},{"ty":"sh","bm":0,"hd":false,"nm":"","d":1,"ks":{"a":1,"k":[{"o":{"x":0,"y":0},"i":{"x":0.58,"y":1},"s":[{"c":false,"i":[[0,0],[0,0]],"o":[[0,0],[0,0]],"v":[[18.69,28.03],[29.36,12.01]]}],"t":0},{"o":{"x":0,"y":0},"i":{"x":0.58,"y":1},"s":[{"c":false,"i":[[0,0],[0,0]],"o":[[0,0],[0,0]],"v":[[21.64,119.03],[0,124.08]]}],"t":18},{"o":{"x":0,"y":0},"i":{"x":0.58,"y":1},"s":[{"c":false,"i":[[0,0],[0,0]],"o":[[0,0],[0,0]],"v":[[18.69,28.03],[29.36,12.01]]}],"t":42},{"o":{"x":0,"y":0},"i":{"x":0.58,"y":1},"s":[{"c":false,"i":[[0,0],[0,0]],"o":[[0,0],[0,0]],"v":[[21.64,156.23],[0,161.28]]}],"t":60},{"s":[{"c":false,"i":[[0,0],[0,0]],"o":[[0,0],[0,0]],"v":[[18.69,28.03],[29.36,12.01]]}],"t":84}]}},{"ty":"st","bm":0,"hd":false,"nm":"","lc":1,"lj":1,"ml":4,"o":{"a":1,"k":[{"o":{"x":0,"y":0},"i":{"x":0.58,"y":1},"s":[100],"t":0},{"o":{"x":0,"y":0},"i":{"x":0.58,"y":1},"s":[100],"t":18},{"o":{"x":0,"y":0},"i":{"x":0.58,"y":1},"s":[100],"t":42},{"o":{"x":0,"y":0},"i":{"x":0.58,"y":1},"s":[100],"t":60},{"s":[100],"t":84}]},"w":{"a":1,"k":[{"o":{"x":0,"y":0},"i":{"x":0.58,"y":1},"s":[8],"t":0},{"o":{"x":0,"y":0},"i":{"x":0.58,"y":1},"s":[8],"t":18},{"o":{"x":0,"y":0},"i":{"x":0.58,"y":1},"s":[8],"t":42},{"o":{"x":0,"y":0},"i":{"x":0.58,"y":1},"s":[8],"t":60},{"s":[8],"t":84}]},"c":{"a":1,"k":[{"o":{"x":0,"y":0},"i":{"x":0.58,"y":1},"s":[0.7091,0.5477,0.3055],"t":0},{"o":{"x":0,"y":0},"i":{"x":0.58,"y":1},"s":[0.7091,0.5477,0.3055],"t":18},{"o":{"x":0,"y":0},"i":{"x":0.58,"y":1},"s":[0.7091,0.5477,0.3055],"t":42},{"o":{"x":0,"y":0},"i":{"x":0.58,"y":1},"s":[0.7091,0.5477,0.3055],"t":60},{"s":[0.7091,0.5477,0.3055],"t":84}]}}],"ind":6},{"ty":4,"nm":"l arm","sr":1,"st":0,"op":85,"ip":0,"hd":false,"ddd":0,"bm":0,"hasMask":false,"ao":0,"ks":{"a":{"a":1,"k":[{"o":{"x":0,"y":0},"i":{"x":0.58,"y":1},"s":[54.06,57.73],"t":0},{"o":{"x":0,"y":0},"i":{"x":0.58,"y":1},"s":[70.28,53.67],"t":18},{"o":{"x":0,"y":0},"i":{"x":0.58,"y":1},"s":[54.06,57.73],"t":42},{"o":{"x":0,"y":0},"i":{"x":0.58,"y":1},"s":[38.84,78.88],"t":60},{"s":[54.06,57.73],"t":84}]},"s":{"a":1,"k":[{"o":{"x":0,"y":0},"i":{"x":0.58,"y":1},"s":[100,100],"t":0},{"o":{"x":0,"y":0},"i":{"x":0.58,"y":1},"s":[100,100],"t":18},{"o":{"x":0,"y":0},"i":{"x":0.58,"y":1},"s":[100,100],"t":42},{"o":{"x":0,"y":0},"i":{"x":0.58,"y":1},"s":[100,100],"t":60},{"s":[100,100],"t":84}]},"sk":{"a":0,"k":0},"p":{"a":1,"k":[{"o":{"x":0,"y":0},"i":{"x":0.58,"y":1},"s":[398.28,298.52],"t":0},{"o":{"x":0,"y":0},"i":{"x":0.58,"y":1},"s":[361.27,276.66],"t":18},{"o":{"x":0,"y":0},"i":{"x":0.58,"y":1},"s":[406.25,303.93],"t":42},{"o":{"x":0,"y":0},"i":{"x":0.58,"y":1},"s":[433.72,345.52],"t":60},{"s":[398.28,298.52],"t":84}]},"r":{"a":1,"k":[{"o":{"x":0,"y":0},"i":{"x":0.58,"y":1},"s":[0],"t":0},{"o":{"x":0,"y":0},"i":{"x":0.58,"y":1},"s":[0],"t":18},{"o":{"x":0,"y":0},"i":{"x":0.58,"y":1},"s":[-12.7],"t":42},{"o":{"x":0,"y":0},"i":{"x":0.58,"y":1},"s":[-12.7],"t":60},{"s":[0],"t":84}]},"sa":{"a":0,"k":0},"o":{"a":1,"k":[{"o":{"x":0,"y":0},"i":{"x":0.58,"y":1},"s":[100],"t":0},{"o":{"x":0,"y":0},"i":{"x":0.58,"y":1},"s":[100],"t":18},{"o":{"x":0,"y":0},"i":{"x":0.58,"y":1},"s":[100],"t":42},{"o":{"x":0,"y":0},"i":{"x":0.58,"y":1},"s":[100],"t":60},{"s":[100],"t":84}]}},"shapes":[{"ty":"sh","bm":0,"hd":false,"nm":"","d":1,"ks":{"a":1,"k":[{"o":{"x":0,"y":0},"i":{"x":0.58,"y":1},"s":[{"c":false,"i":[[0,0],[0,0],[0,0]],"o":[[0,0],[0,0],[0,0]],"v":[[0,60.06],[66.74,115.45],[90.09,36.04]]}],"t":0},{"o":{"x":0,"y":0},"i":{"x":0.58,"y":1},"s":[{"c":false,"i":[[0,0],[0,0],[0,0]],"o":[[0,0],[0,0],[0,0]],"v":[[0,0],[80.93,51.97],[125.23,83.49]]}],"t":18},{"o":{"x":0,"y":0},"i":{"x":0.58,"y":1},"s":[{"c":false,"i":[[0,0],[0,0],[0,0]],"o":[[0,0],[0,0],[0,0]],"v":[[0,60.06],[66.74,115.45],[90.09,36.04]]}],"t":42},{"o":{"x":0,"y":0},"i":{"x":0.58,"y":1},"s":[{"c":false,"i":[[0,0],[0,0],[0,0]],"o":[[0,0],[0,0],[0,0]],"v":[[0,0],[23.73,77.4],[54.6,134.54]]}],"t":60},{"s":[{"c":false,"i":[[0,0],[0,0],[0,0]],"o":[[0,0],[0,0],[0,0]],"v":[[0,60.06],[66.74,115.45],[90.09,36.04]]}],"t":84}]}},{"ty":"sh","bm":0,"hd":false,"nm":"","d":1,"ks":{"a":1,"k":[{"o":{"x":0,"y":0},"i":{"x":0.58,"y":1},"s":[{"c":false,"i":[[0,0],[0,0]],"o":[[0,0],[0,0]],"v":[[108.11,0],[90.09,36.04]]}],"t":0},{"o":{"x":0,"y":0},"i":{"x":0.58,"y":1},"s":[{"c":false,"i":[[0,0],[0,0]],"o":[[0,0],[0,0]],"v":[[140.56,107.34],[125.23,83.49]]}],"t":18},{"o":{"x":0,"y":0},"i":{"x":0.58,"y":1},"s":[{"c":false,"i":[[0,0],[0,0]],"o":[[0,0],[0,0]],"v":[[108.11,0],[90.09,36.04]]}],"t":42},{"o":{"x":0,"y":0},"i":{"x":0.58,"y":1},"s":[{"c":false,"i":[[0,0],[0,0]],"o":[[0,0],[0,0]],"v":[[77.68,157.75],[54.6,134.54]]}],"t":60},{"s":[{"c":false,"i":[[0,0],[0,0]],"o":[[0,0],[0,0]],"v":[[108.11,0],[90.09,36.04]]}],"t":84}]}},{"ty":"sh","bm":0,"hd":false,"nm":"","d":1,"ks":{"a":1,"k":[{"o":{"x":0,"y":0},"i":{"x":0.58,"y":1},"s":[{"c":false,"i":[[0,0],[0,0]],"o":[[0,0],[0,0]],"v":[[90.09,36.04],[78.08,19.35]]}],"t":0},{"o":{"x":0,"y":0},"i":{"x":0.58,"y":1},"s":[{"c":false,"i":[[0,0],[0,0]],"o":[[0,0],[0,0]],"v":[[125.23,83.49],[140.56,68.15]]}],"t":18},{"o":{"x":0,"y":0},"i":{"x":0.58,"y":1},"s":[{"c":false,"i":[[0,0],[0,0]],"o":[[0,0],[0,0]],"v":[[90.09,36.04],[78.08,19.35]]}],"t":42},{"o":{"x":0,"y":0},"i":{"x":0.58,"y":1},"s":[{"c":false,"i":[[0,0],[0,0]],"o":[[0,0],[0,0]],"v":[[54.6,134.54],[71.54,116.48]]}],"t":60},{"s":[{"c":false,"i":[[0,0],[0,0]],"o":[[0,0],[0,0]],"v":[[90.09,36.04],[78.08,19.35]]}],"t":84}]}},{"ty":"st","bm":0,"hd":false,"nm":"","lc":1,"lj":1,"ml":4,"o":{"a":1,"k":[{"o":{"x":0,"y":0},"i":{"x":0.58,"y":1},"s":[100],"t":0},{"o":{"x":0,"y":0},"i":{"x":0.58,"y":1},"s":[100],"t":18},{"o":{"x":0,"y":0},"i":{"x":0.58,"y":1},"s":[100],"t":42},{"o":{"x":0,"y":0},"i":{"x":0.58,"y":1},"s":[100],"t":60},{"s":[100],"t":84}]},"w":{"a":1,"k":[{"o":{"x":0,"y":0},"i":{"x":0.58,"y":1},"s":[8],"t":0},{"o":{"x":0,"y":0},"i":{"x":0.58,"y":1},"s":[8],"t":18},{"o":{"x":0,"y":0},"i":{"x":0.58,"y":1},"s":[8],"t":42},{"o":{"x":0,"y":0},"i":{"x":0.58,"y":1},"s":[8],"t":60},{"s":[8],"t":84}]},"c":{"a":1,"k":[{"o":{"x":0,"y":0},"i":{"x":0.58,"y":1},"s":[0.7091,0.5477,0.3055],"t":0},{"o":{"x":0,"y":0},"i":{"x":0.58,"y":1},"s":[0.7091,0.5477,0.3055],"t":18},{"o":{"x":0,"y":0},"i":{"x":0.58,"y":1},"s":[0.7091,0.5477,0.3055],"t":42},{"o":{"x":0,"y":0},"i":{"x":0.58,"y":1},"s":[0.7091,0.5477,0.3055],"t":60},{"s":[0.7091,0.5477,0.3055],"t":84}]}}],"ind":7},{"ty":4,"nm":"button 2","sr":1,"st":0,"op":85,"ip":0,"hd":false,"ddd":0,"bm":0,"hasMask":false,"ao":0,"ks":{"a":{"a":1,"k":[{"o":{"x":0,"y":0},"i":{"x":0.58,"y":1},"s":[14.09,12.26],"t":0},{"o":{"x":0,"y":0},"i":{"x":0.58,"y":1},"s":[14.09,12.26],"t":18},{"o":{"x":0,"y":0},"i":{"x":0.58,"y":1},"s":[14.09,12.26],"t":42},{"o":{"x":0,"y":0},"i":{"x":0.58,"y":1},"s":[14.09,12.26],"t":60},{"s":[14.09,12.26],"t":84}]},"s":{"a":1,"k":[{"o":{"x":0,"y":0},"i":{"x":0.58,"y":1},"s":[100,100],"t":0},{"o":{"x":0,"y":0},"i":{"x":0.58,"y":1},"s":[100,100],"t":18},{"o":{"x":0,"y":0},"i":{"x":0.58,"y":1},"s":[100,100],"t":42},{"o":{"x":0,"y":0},"i":{"x":0.58,"y":1},"s":[100,100],"t":60},{"s":[100,100],"t":84}]},"sk":{"a":0,"k":0},"p":{"a":1,"k":[{"o":{"x":0,"y":0},"i":{"x":0.58,"y":1},"s":[251.2,380.89],"t":0},{"o":{"x":0,"y":0},"i":{"x":0.58,"y":1},"s":[226.02,317.35],"t":18},{"o":{"x":0,"y":0},"i":{"x":0.58,"y":1},"s":[251.2,380.89],"t":42},{"o":{"x":0,"y":0},"i":{"x":0.58,"y":1},"s":[266.53,328.03],"t":60},{"s":[251.2,380.89],"t":84}]},"r":{"a":1,"k":[{"o":{"x":0,"y":0},"i":{"x":0.58,"y":1},"s":[0],"t":0},{"o":{"x":0,"y":0},"i":{"x":0.58,"y":1},"s":[-15.24],"t":18},{"o":{"x":0,"y":0},"i":{"x":0.58,"y":1},"s":[0],"t":42},{"o":{"x":0,"y":0},"i":{"x":0.58,"y":1},"s":[17.88],"t":60},{"s":[0],"t":84}]},"sa":{"a":0,"k":0},"o":{"a":1,"k":[{"o":{"x":0,"y":0},"i":{"x":0.58,"y":1},"s":[100],"t":0},{"o":{"x":0,"y":0},"i":{"x":0.58,"y":1},"s":[100],"t":18},{"o":{"x":0,"y":0},"i":{"x":0.58,"y":1},"s":[100],"t":42},{"o":{"x":0,"y":0},"i":{"x":0.58,"y":1},"s":[100],"t":60},{"s":[100],"t":84}]}},"shapes":[{"ty":"sh","bm":0,"hd":false,"nm":"","d":1,"ks":{"a":1,"k":[{"o":{"x":0,"y":0},"i":{"x":0.58,"y":1},"s":[{"c":true,"i":[[-7.77,0],[0,-6.77],[7.77,0],[0,6.77]],"o":[[7.77,0],[0,6.77],[-7.77,0],[0,-6.77]],"v":[[14.09,0],[28.17,12.26],[14.09,24.53],[0,12.26]]}],"t":0},{"o":{"x":0,"y":0},"i":{"x":0.58,"y":1},"s":[{"c":true,"i":[[-7.77,0],[0,-6.77],[7.77,0],[0,6.77]],"o":[[7.77,0],[0,6.77],[-7.77,0],[0,-6.77]],"v":[[14.09,0],[28.17,12.26],[14.09,24.53],[0,12.26]]}],"t":18},{"o":{"x":0,"y":0},"i":{"x":0.58,"y":1},"s":[{"c":true,"i":[[-7.77,0],[0,-6.77],[7.77,0],[0,6.77]],"o":[[7.77,0],[0,6.77],[-7.77,0],[0,-6.77]],"v":[[14.09,0],[28.17,12.26],[14.09,24.53],[0,12.26]]}],"t":42},{"o":{"x":0,"y":0},"i":{"x":0.58,"y":1},"s":[{"c":true,"i":[[-7.77,0],[0,-6.77],[7.77,0],[0,6.77]],"o":[[7.77,0],[0,6.77],[-7.77,0],[0,-6.77]],"v":[[14.09,0],[28.17,12.26],[14.09,24.53],[0,12.26]]}],"t":60},{"s":[{"c":true,"i":[[-7.77,0],[0,-6.77],[7.77,0],[0,6.77]],"o":[[7.77,0],[0,6.77],[-7.77,0],[0,-6.77]],"v":[[14.09,0],[28.17,12.26],[14.09,24.53],[0,12.26]]}],"t":84}]}},{"ty":"fl","bm":0,"hd":false,"nm":"","c":{"a":1,"k":[{"o":{"x":0,"y":0},"i":{"x":0.58,"y":1},"s":[0.3411,0.3411,0.3411],"t":0},{"o":{"x":0,"y":0},"i":{"x":0.58,"y":1},"s":[0.3411,0.3411,0.3411],"t":18},{"o":{"x":0,"y":0},"i":{"x":0.58,"y":1},"s":[0.3411,0.3411,0.3411],"t":42},{"o":{"x":0,"y":0},"i":{"x":0.58,"y":1},"s":[0.3411,0.3411,0.3411],"t":60},{"s":[0.3411,0.3411,0.3411],"t":84}]},"r":1,"o":{"a":1,"k":[{"o":{"x":0,"y":0},"i":{"x":0.58,"y":1},"s":[100],"t":0},{"o":{"x":0,"y":0},"i":{"x":0.58,"y":1},"s":[100],"t":18},{"o":{"x":0,"y":0},"i":{"x":0.58,"y":1},"s":[100],"t":42},{"o":{"x":0,"y":0},"i":{"x":0.58,"y":1},"s":[100],"t":60},{"s":[100],"t":84}]}}],"ind":8},{"ty":4,"nm":"button 1","sr":1,"st":0,"op":85,"ip":0,"hd":false,"ddd":0,"bm":0,"hasMask":false,"ao":0,"ks":{"a":{"a":1,"k":[{"o":{"x":0,"y":0},"i":{"x":0.58,"y":1},"s":[14.09,12.26],"t":0},{"o":{"x":0,"y":0},"i":{"x":0.58,"y":1},"s":[14.09,12.26],"t":18},{"o":{"x":0,"y":0},"i":{"x":0.58,"y":1},"s":[14.09,12.26],"t":42},{"o":{"x":0,"y":0},"i":{"x":0.58,"y":1},"s":[14.09,12.26],"t":60},{"s":[14.09,12.26],"t":84}]},"s":{"a":1,"k":[{"o":{"x":0,"y":0},"i":{"x":0.58,"y":1},"s":[100,100],"t":0},{"o":{"x":0,"y":0},"i":{"x":0.58,"y":1},"s":[100,100],"t":18},{"o":{"x":0,"y":0},"i":{"x":0.58,"y":1},"s":[100,100],"t":42},{"o":{"x":0,"y":0},"i":{"x":0.58,"y":1},"s":[100,100],"t":60},{"s":[100,100],"t":84}]},"sk":{"a":0,"k":0},"p":{"a":1,"k":[{"o":{"x":0,"y":0},"i":{"x":0.58,"y":1},"s":[251.2,344.32],"t":0},{"o":{"x":0,"y":0},"i":{"x":0.58,"y":1},"s":[211.29,263.78],"t":18},{"o":{"x":0,"y":0},"i":{"x":0.58,"y":1},"s":[251.2,344.32],"t":42},{"o":{"x":0,"y":0},"i":{"x":0.58,"y":1},"s":[286.99,273.13],"t":60},{"s":[251.2,344.32],"t":84}]},"r":{"a":1,"k":[{"o":{"x":0,"y":0},"i":{"x":0.58,"y":1},"s":[0],"t":0},{"o":{"x":0,"y":0},"i":{"x":0.58,"y":1},"s":[-15.24],"t":18},{"o":{"x":0,"y":0},"i":{"x":0.58,"y":1},"s":[0],"t":42},{"o":{"x":0,"y":0},"i":{"x":0.58,"y":1},"s":[17.88],"t":60},{"s":[0],"t":84}]},"sa":{"a":0,"k":0},"o":{"a":1,"k":[{"o":{"x":0,"y":0},"i":{"x":0.58,"y":1},"s":[100],"t":0},{"o":{"x":0,"y":0},"i":{"x":0.58,"y":1},"s":[100],"t":18},{"o":{"x":0,"y":0},"i":{"x":0.58,"y":1},"s":[100],"t":42},{"o":{"x":0,"y":0},"i":{"x":0.58,"y":1},"s":[100],"t":60},{"s":[100],"t":84}]}},"shapes":[{"ty":"sh","bm":0,"hd":false,"nm":"","d":1,"ks":{"a":1,"k":[{"o":{"x":0,"y":0},"i":{"x":0.58,"y":1},"s":[{"c":true,"i":[[-7.77,0],[0,-6.77],[7.77,0],[0,6.77]],"o":[[7.77,0],[0,6.77],[-7.77,0],[0,-6.77]],"v":[[14.09,0],[28.17,12.26],[14.09,24.53],[0,12.26]]}],"t":0},{"o":{"x":0,"y":0},"i":{"x":0.58,"y":1},"s":[{"c":true,"i":[[-7.77,0],[0,-6.77],[7.77,0],[0,6.77]],"o":[[7.77,0],[0,6.77],[-7.77,0],[0,-6.77]],"v":[[14.09,0],[28.17,12.26],[14.09,24.53],[0,12.26]]}],"t":18},{"o":{"x":0,"y":0},"i":{"x":0.58,"y":1},"s":[{"c":true,"i":[[-7.77,0],[0,-6.77],[7.77,0],[0,6.77]],"o":[[7.77,0],[0,6.77],[-7.77,0],[0,-6.77]],"v":[[14.09,0],[28.17,12.26],[14.09,24.53],[0,12.26]]}],"t":42},{"o":{"x":0,"y":0},"i":{"x":0.58,"y":1},"s":[{"c":true,"i":[[-7.77,0],[0,-6.77],[7.77,0],[0,6.77]],"o":[[7.77,0],[0,6.77],[-7.77,0],[0,-6.77]],"v":[[14.09,0],[28.17,12.26],[14.09,24.53],[0,12.26]]}],"t":60},{"s":[{"c":true,"i":[[-7.77,0],[0,-6.77],[7.77,0],[0,6.77]],"o":[[7.77,0],[0,6.77],[-7.77,0],[0,-6.77]],"v":[[14.09,0],[28.17,12.26],[14.09,24.53],[0,12.26]]}],"t":84}]}},{"ty":"fl","bm":0,"hd":false,"nm":"","c":{"a":1,"k":[{"o":{"x":0,"y":0},"i":{"x":0.58,"y":1},"s":[0.3411,0.3411,0.3411],"t":0},{"o":{"x":0,"y":0},"i":{"x":0.58,"y":1},"s":[0.3411,0.3411,0.3411],"t":18},{"o":{"x":0,"y":0},"i":{"x":0.58,"y":1},"s":[0.3411,0.3411,0.3411],"t":42},{"o":{"x":0,"y":0},"i":{"x":0.58,"y":1},"s":[0.3411,0.3411,0.3411],"t":60},{"s":[0.3411,0.3411,0.3411],"t":84}]},"r":1,"o":{"a":1,"k":[{"o":{"x":0,"y":0},"i":{"x":0.58,"y":1},"s":[100],"t":0},{"o":{"x":0,"y":0},"i":{"x":0.58,"y":1},"s":[100],"t":18},{"o":{"x":0,"y":0},"i":{"x":0.58,"y":1},"s":[100],"t":42},{"o":{"x":0,"y":0},"i":{"x":0.58,"y":1},"s":[100],"t":60},{"s":[100],"t":84}]}}],"ind":9},{"ty":4,"nm":"scraft","sr":1,"st":0,"op":85,"ip":0,"hd":false,"ddd":0,"bm":0,"hasMask":false,"ao":0,"ks":{"a":{"a":1,"k":[{"o":{"x":0,"y":0},"i":{"x":0.58,"y":1},"s":[91.3,49.39],"t":0},{"o":{"x":0,"y":0},"i":{"x":0.58,"y":1},"s":[80.11,74.16],"t":18},{"o":{"x":0,"y":0},"i":{"x":0.58,"y":1},"s":[91.3,51.35],"t":42},{"o":{"x":0,"y":0},"i":{"x":0.58,"y":1},"s":[87.61,71.9],"t":60},{"s":[91.3,49.39],"t":84}]},"s":{"a":1,"k":[{"o":{"x":0,"y":0},"i":{"x":0.58,"y":1},"s":[100,100],"t":0},{"o":{"x":0,"y":0},"i":{"x":0.58,"y":1},"s":[100,100],"t":18},{"o":{"x":0,"y":0},"i":{"x":0.58,"y":1},"s":[100,100],"t":42},{"o":{"x":0,"y":0},"i":{"x":0.58,"y":1},"s":[100,100],"t":60},{"s":[100,100],"t":84}]},"sk":{"a":0,"k":0},"p":{"a":1,"k":[{"o":{"x":0,"y":0},"i":{"x":0.58,"y":1},"s":[248.89,301.15],"t":0},{"o":{"x":0,"y":0},"i":{"x":0.58,"y":1},"s":[189.37,223.1],"t":18},{"o":{"x":0,"y":0},"i":{"x":0.58,"y":1},"s":[249.1,296.1],"t":42},{"o":{"x":0,"y":0},"i":{"x":0.58,"y":1},"s":[300.6,214.76],"t":60},{"s":[248.89,301.15],"t":84}]},"r":{"a":1,"k":[{"o":{"x":0,"y":0},"i":{"x":0.58,"y":1},"s":[-6.03],"t":0},{"o":{"x":0,"y":0},"i":{"x":0.58,"y":1},"s":[-29.01],"t":18},{"o":{"x":0,"y":0},"i":{"x":0.58,"y":1},"s":[-6.03],"t":42},{"o":{"x":0,"y":0},"i":{"x":0.58,"y":1},"s":[15],"t":60},{"s":[-6.03],"t":84}]},"sa":{"a":0,"k":0},"o":{"a":1,"k":[{"o":{"x":0,"y":0},"i":{"x":0.58,"y":1},"s":[100],"t":0},{"o":{"x":0,"y":0},"i":{"x":0.58,"y":1},"s":[100],"t":18},{"o":{"x":0,"y":0},"i":{"x":0.58,"y":1},"s":[100],"t":42},{"o":{"x":0,"y":0},"i":{"x":0.58,"y":1},"s":[100],"t":60},{"s":[100],"t":84}]}},"shapes":[],"ind":10},{"ty":4,"nm":"scarft point","sr":1,"st":0,"op":85,"ip":0,"hd":false,"ddd":0,"bm":0,"hasMask":false,"ao":0,"ks":{"a":{"a":1,"k":[{"o":{"x":0,"y":0},"i":{"x":0.58,"y":1},"s":[29.88,26.97],"t":0},{"o":{"x":0,"y":0},"i":{"x":0.58,"y":1},"s":[27.78,38.66],"t":18},{"o":{"x":0,"y":0},"i":{"x":0.58,"y":1},"s":[30.84,28.96],"t":42},{"o":{"x":0,"y":0},"i":{"x":0.58,"y":1},"s":[44.54,37.3],"t":60},{"s":[29.88,26.97],"t":84}]},"s":{"a":1,"k":[{"o":{"x":0,"y":0},"i":{"x":0.58,"y":1},"s":[100,100],"t":0},{"o":{"x":0,"y":0},"i":{"x":0.58,"y":1},"s":[100,100],"t":18},{"o":{"x":0,"y":0},"i":{"x":0.58,"y":1},"s":[100,100],"t":42},{"o":{"x":0,"y":0},"i":{"x":0.58,"y":1},"s":[100,100],"t":60},{"s":[100,100],"t":84}]},"sk":{"a":0,"k":0},"p":{"a":1,"k":[{"o":{"x":0,"y":0},"i":{"x":0.58,"y":1},"s":[38.13,68.82],"t":0},{"o":{"x":0,"y":0},"i":{"x":0.58,"y":1},"s":[43.04,101.03],"t":18},{"o":{"x":0,"y":0},"i":{"x":0.58,"y":1},"s":[36.97,70.65],"t":42},{"o":{"x":0,"y":0},"i":{"x":0.58,"y":1},"s":[52.67,96.24],"t":60},{"s":[38.13,68.82],"t":84}]},"r":{"a":1,"k":[{"o":{"x":0,"y":0},"i":{"x":0.58,"y":1},"s":[6.03],"t":0},{"o":{"x":0,"y":0},"i":{"x":0.58,"y":1},"s":[29.01],"t":18},{"o":{"x":0,"y":0},"i":{"x":0.58,"y":1},"s":[6.03],"t":42},{"o":{"x":0,"y":0},"i":{"x":0.58,"y":1},"s":[-15],"t":60},{"s":[6.03],"t":84}]},"sa":{"a":0,"k":0},"o":{"a":1,"k":[{"o":{"x":0,"y":0},"i":{"x":0.58,"y":1},"s":[100],"t":0},{"o":{"x":0,"y":0},"i":{"x":0.58,"y":1},"s":[100],"t":18},{"o":{"x":0,"y":0},"i":{"x":0.58,"y":1},"s":[100],"t":42},{"o":{"x":0,"y":0},"i":{"x":0.58,"y":1},"s":[100],"t":60},{"s":[100],"t":84}]}},"shapes":[{"ty":"sh","bm":0,"hd":false,"nm":"","d":1,"ks":{"a":1,"k":[{"o":{"x":0,"y":0},"i":{"x":0.58,"y":1},"s":[{"c":true,"i":[[0,0],[3.51,-32.93],[-16.21,-1.16],[-22.82,-11.97],[10.42,0.69]],"o":[[-13.35,-6.81],[14.4,-0.83],[-1.94,-28.68],[-1.67,-5],[0,0]],"v":[[26.41,1.83],[0,40.05],[34.75,53.95],[59.76,10.17],[26.41,1.83]]}],"t":0},{"o":{"x":0,"y":0},"i":{"x":0.58,"y":1},"s":[{"c":true,"i":[[0,0],[4.9,-30.16],[-16.21,-1.16],[1.67,5],[10.42,0.69]],"o":[[-4.17,9.27],[15.29,-3.47],[0.38,-32.05],[-1.67,-5],[0,0]],"v":[[0.38,0],[23.12,77.32],[55.55,67.9],[33.73,8.34],[0.38,0]]}],"t":18},{"o":{"x":0,"y":0},"i":{"x":0.58,"y":1},"s":[{"c":true,"i":[[0,0],[-1.46,-22.42],[-16.21,-1.16],[-21.11,-10.37],[10.42,0.69]],"o":[[-24.57,-9.64],[13.94,2.72],[-3.38,-34.8],[-1.67,-5],[0,0]],"v":[[28.33,1.88],[0.23,44.12],[35.4,57.93],[61.69,10.22],[28.33,1.88]]}],"t":42},{"o":{"x":0,"y":0},"i":{"x":0.58,"y":1},"s":[{"c":true,"i":[[0,0],[7.64,-27.1],[-16.21,-1.16],[-29.8,10.19],[10.42,0.69]],"o":[[-23.58,25.37],[13.72,2.74],[5.83,-19.55],[-4.42,-3.68],[0,0]],"v":[[63.3,0],[0,59.51],[30.53,74.6],[89.07,21.35],[63.3,0]]}],"t":60},{"s":[{"c":true,"i":[[0,0],[3.51,-32.93],[-16.21,-1.16],[-22.82,-11.97],[10.42,0.69]],"o":[[-13.35,-6.81],[14.4,-0.83],[-1.94,-28.68],[-1.67,-5],[0,0]],"v":[[26.41,1.83],[0,40.05],[34.75,53.95],[59.76,10.17],[26.41,1.83]]}],"t":84}]}},{"ty":"fl","bm":0,"hd":false,"nm":"","c":{"a":1,"k":[{"o":{"x":0,"y":0},"i":{"x":0.58,"y":1},"s":[0.7223,0.8039,0.9264],"t":0},{"o":{"x":0,"y":0},"i":{"x":0.58,"y":1},"s":[0.7223,0.8039,0.9264],"t":18},{"o":{"x":0,"y":0},"i":{"x":0.58,"y":1},"s":[0.7223,0.8039,0.9264],"t":42},{"o":{"x":0,"y":0},"i":{"x":0.58,"y":1},"s":[0.7223,0.8039,0.9264],"t":60},{"s":[0.7223,0.8039,0.9264],"t":84}]},"r":1,"o":{"a":1,"k":[{"o":{"x":0,"y":0},"i":{"x":0.58,"y":1},"s":[100],"t":0},{"o":{"x":0,"y":0},"i":{"x":0.58,"y":1},"s":[100],"t":18},{"o":{"x":0,"y":0},"i":{"x":0.58,"y":1},"s":[100],"t":42},{"o":{"x":0,"y":0},"i":{"x":0.58,"y":1},"s":[100],"t":60},{"s":[100],"t":84}]}}],"ind":11,"parent":10},{"ty":4,"nm":"inner shadow","sr":1,"st":0,"op":85,"ip":0,"hd":false,"ddd":0,"bm":0,"hasMask":false,"ao":0,"ks":{"a":{"a":1,"k":[{"o":{"x":0,"y":0},"i":{"x":0.58,"y":1},"s":[58.81,21.2],"t":0},{"o":{"x":0,"y":0},"i":{"x":0.58,"y":1},"s":[49.02,22.66],"t":18},{"o":{"x":0,"y":0},"i":{"x":0.58,"y":1},"s":[58.81,21.2],"t":42},{"o":{"x":0,"y":0},"i":{"x":0.58,"y":1},"s":[49.02,22.66],"t":60},{"s":[58.81,21.2],"t":84}]},"s":{"a":1,"k":[{"o":{"x":0,"y":0},"i":{"x":0.58,"y":1},"s":[100,100],"t":0},{"o":{"x":0,"y":0},"i":{"x":0.58,"y":1},"s":[100,100],"t":18},{"o":{"x":0,"y":0},"i":{"x":0.58,"y":1},"s":[100,100],"t":42},{"o":{"x":0,"y":0},"i":{"x":0.58,"y":1},"s":[100,100],"t":60},{"s":[100,100],"t":84}]},"sk":{"a":0,"k":0},"p":{"a":1,"k":[{"o":{"x":0,"y":0},"i":{"x":0.58,"y":1},"s":[103.61,44.46],"t":0},{"o":{"x":0,"y":0},"i":{"x":0.58,"y":1},"s":[91.64,49.09],"t":18},{"o":{"x":0,"y":0},"i":{"x":0.58,"y":1},"s":[103.61,44.46],"t":42},{"o":{"x":0,"y":0},"i":{"x":0.58,"y":1},"s":[106.64,49.09],"t":60},{"s":[103.61,44.46],"t":84}]},"r":{"a":1,"k":[{"o":{"x":0,"y":0},"i":{"x":0.58,"y":1},"s":[18.63],"t":0},{"o":{"x":0,"y":0},"i":{"x":0.58,"y":1},"s":[29.01],"t":18},{"o":{"x":0,"y":0},"i":{"x":0.58,"y":1},"s":[18.63],"t":42},{"o":{"x":0,"y":0},"i":{"x":0.58,"y":1},"s":[29.01],"t":60},{"s":[18.63],"t":84}]},"sa":{"a":0,"k":0},"o":{"a":1,"k":[{"o":{"x":0,"y":0},"i":{"x":0.58,"y":1},"s":[100],"t":0},{"o":{"x":0,"y":0},"i":{"x":0.58,"y":1},"s":[100],"t":18},{"o":{"x":0,"y":0},"i":{"x":0.58,"y":1},"s":[100],"t":42},{"o":{"x":0,"y":0},"i":{"x":0.58,"y":1},"s":[100],"t":60},{"s":[100],"t":84}]}},"shapes":[{"ty":"sh","bm":0,"hd":false,"nm":"","d":1,"ks":{"a":1,"k":[{"o":{"x":0,"y":0},"i":{"x":0.58,"y":1},"s":[{"c":true,"i":[[0,0],[23.13,-6.56],[3.5,4.1],[-17.52,4.78],[-11.39,-4.78]],"o":[[-6.13,7.74],[-28.91,8.2],[-3.5,-4.1],[17.52,-4.78],[0,0]],"v":[[117.61,1.73],[70.3,33.15],[0.22,40.66],[53.66,7.88],[117.61,1.73]]}],"t":0},{"o":{"x":0,"y":0},"i":{"x":0.58,"y":1},"s":[{"c":true,"i":[[0,0],[19.28,-7.01],[2.92,4.38],[-14.6,5.11],[-9.49,-5.11]],"o":[[-5.11,8.28],[-24.1,8.76],[-2.92,-4.38],[14.6,-5.11],[0,0]],"v":[[98.03,1.85],[58.6,35.44],[0.18,43.47],[44.73,8.42],[98.03,1.85]]}],"t":18},{"o":{"x":0,"y":0},"i":{"x":0.58,"y":1},"s":[{"c":true,"i":[[0,0],[23.13,-6.56],[3.5,4.1],[-17.52,4.78],[-11.39,-4.78]],"o":[[-6.13,7.74],[-28.91,8.2],[-3.5,-4.1],[17.52,-4.78],[0,0]],"v":[[117.61,1.73],[70.3,33.15],[0.22,40.66],[53.66,7.88],[117.61,1.73]]}],"t":42},{"o":{"x":0,"y":0},"i":{"x":0.58,"y":1},"s":[{"c":true,"i":[[0,0],[19.28,-7.01],[2.92,4.38],[-14.6,5.11],[-9.49,-5.11]],"o":[[-5.11,8.28],[-24.1,8.76],[-2.92,-4.38],[14.6,-5.11],[0,0]],"v":[[98.03,1.85],[58.6,35.44],[0.18,43.47],[44.73,8.42],[98.03,1.85]]}],"t":60},{"s":[{"c":true,"i":[[0,0],[23.13,-6.56],[3.5,4.1],[-17.52,4.78],[-11.39,-4.78]],"o":[[-6.13,7.74],[-28.91,8.2],[-3.5,-4.1],[17.52,-4.78],[0,0]],"v":[[117.61,1.73],[70.3,33.15],[0.22,40.66],[53.66,7.88],[117.61,1.73]]}],"t":84}]}},{"ty":"fl","bm":0,"hd":false,"nm":"","c":{"a":1,"k":[{"o":{"x":0,"y":0},"i":{"x":0.58,"y":1},"s":[0.5099,0.6355,0.824],"t":0},{"o":{"x":0,"y":0},"i":{"x":0.58,"y":1},"s":[0.5099,0.6355,0.824],"t":18},{"o":{"x":0,"y":0},"i":{"x":0.58,"y":1},"s":[0.5099,0.6355,0.824],"t":42},{"o":{"x":0,"y":0},"i":{"x":0.58,"y":1},"s":[0.5099,0.6355,0.824],"t":60},{"s":[0.5099,0.6355,0.824],"t":84}]},"r":1,"o":{"a":1,"k":[{"o":{"x":0,"y":0},"i":{"x":0.58,"y":1},"s":[100],"t":0},{"o":{"x":0,"y":0},"i":{"x":0.58,"y":1},"s":[100],"t":18},{"o":{"x":0,"y":0},"i":{"x":0.58,"y":1},"s":[100],"t":42},{"o":{"x":0,"y":0},"i":{"x":0.58,"y":1},"s":[100],"t":60},{"s":[100],"t":84}]}}],"ind":12,"parent":10},{"ty":4,"nm":"scarf","sr":1,"st":0,"op":85,"ip":0,"hd":false,"ddd":0,"bm":0,"hasMask":false,"ao":0,"ks":{"a":{"a":1,"k":[{"o":{"x":0,"y":0},"i":{"x":0.58,"y":1},"s":[72.16,34.01],"t":0},{"o":{"x":0,"y":0},"i":{"x":0.58,"y":1},"s":[60.35,35.66],"t":18},{"o":{"x":0,"y":0},"i":{"x":0.58,"y":1},"s":[72.16,34.01],"t":42},{"o":{"x":0,"y":0},"i":{"x":0.58,"y":1},"s":[60.35,35.66],"t":60},{"s":[72.16,34.01],"t":84}]},"s":{"a":1,"k":[{"o":{"x":0,"y":0},"i":{"x":0.58,"y":1},"s":[100,100],"t":0},{"o":{"x":0,"y":0},"i":{"x":0.58,"y":1},"s":[100,100],"t":18},{"o":{"x":0,"y":0},"i":{"x":0.58,"y":1},"s":[100,100],"t":42},{"o":{"x":0,"y":0},"i":{"x":0.58,"y":1},"s":[100,100],"t":60},{"s":[100,100],"t":84}]},"sk":{"a":0,"k":0},"p":{"a":1,"k":[{"o":{"x":0,"y":0},"i":{"x":0.58,"y":1},"s":[103.35,55.27],"t":0},{"o":{"x":0,"y":0},"i":{"x":0.58,"y":1},"s":[90.16,60.45],"t":18},{"o":{"x":0,"y":0},"i":{"x":0.58,"y":1},"s":[103.35,55.27],"t":42},{"o":{"x":0,"y":0},"i":{"x":0.58,"y":1},"s":[105.15,60.45],"t":60},{"s":[103.35,55.27],"t":84}]},"r":{"a":1,"k":[{"o":{"x":0,"y":0},"i":{"x":0.58,"y":1},"s":[18.63],"t":0},{"o":{"x":0,"y":0},"i":{"x":0.58,"y":1},"s":[29.01],"t":18},{"o":{"x":0,"y":0},"i":{"x":0.58,"y":1},"s":[18.63],"t":42},{"o":{"x":0,"y":0},"i":{"x":0.58,"y":1},"s":[29.01],"t":60},{"s":[18.63],"t":84}]},"sa":{"a":0,"k":0},"o":{"a":1,"k":[{"o":{"x":0,"y":0},"i":{"x":0.58,"y":1},"s":[100],"t":0},{"o":{"x":0,"y":0},"i":{"x":0.58,"y":1},"s":[100],"t":18},{"o":{"x":0,"y":0},"i":{"x":0.58,"y":1},"s":[100],"t":42},{"o":{"x":0,"y":0},"i":{"x":0.58,"y":1},"s":[100],"t":60},{"s":[100],"t":84}]}},"shapes":[{"ty":"sh","bm":0,"hd":false,"nm":"","d":1,"ks":{"a":1,"k":[{"o":{"x":0,"y":0},"i":{"x":0.58,"y":1},"s":[{"c":true,"i":[[0,0],[-19.12,-15.3],[-38.55,9.29],[-2.04,8.36],[8.63,5.45],[21.73,-6.01],[10.22,-8.42]],"o":[[0,0],[21.24,5.2],[48.18,-11.61],[3.7,-15.16],[-14.6,-0.91],[-21.73,6.01],[0,0]],"v":[[2.7,38.58],[11.66,63.63],[89.79,61.52],[143.6,26.47],[127.37,0.38],[60.52,5.8],[2.7,38.58]]}],"t":0},{"o":{"x":0,"y":0},"i":{"x":0.58,"y":1},"s":[{"c":true,"i":[[0,0],[0,0],[-32.13,9.93],[-2.19,8.76],[5.11,7.79],[18.11,-6.43],[8.52,-9.01]],"o":[[0,0],[6.57,2.43],[40.16,-12.41],[1.75,-7.01],[-12.17,-0.97],[-18.11,6.43],[0,0]],"v":[[0,40.7],[8.03,69.18],[67.91,64.07],[120.49,32.67],[107.34,0.54],[48.2,5.65],[0,40.7]]}],"t":18},{"o":{"x":0,"y":0},"i":{"x":0.58,"y":1},"s":[{"c":true,"i":[[0,0],[-19.12,-15.3],[-38.55,9.29],[-2.04,8.36],[8.63,5.45],[21.73,-6.01],[10.22,-8.42]],"o":[[0,0],[21.24,5.2],[48.18,-11.61],[3.7,-15.16],[-14.6,-0.91],[-21.73,6.01],[0,0]],"v":[[2.7,38.58],[11.66,63.63],[89.79,61.52],[143.6,26.47],[127.37,0.38],[60.52,5.8],[2.7,38.58]]}],"t":42},{"o":{"x":0,"y":0},"i":{"x":0.58,"y":1},"s":[{"c":true,"i":[[0,0],[0,0],[-32.13,9.93],[-2.19,8.76],[5.11,7.79],[18.11,-6.43],[8.52,-9.01]],"o":[[0,0],[6.57,2.43],[40.16,-12.41],[1.75,-7.01],[-12.17,-0.97],[-18.11,6.43],[0,0]],"v":[[0,40.7],[8.03,69.18],[67.91,64.07],[120.49,32.67],[107.34,0.54],[48.2,5.65],[0,40.7]]}],"t":60},{"s":[{"c":true,"i":[[0,0],[-19.12,-15.3],[-38.55,9.29],[-2.04,8.36],[8.63,5.45],[21.73,-6.01],[10.22,-8.42]],"o":[[0,0],[21.24,5.2],[48.18,-11.61],[3.7,-15.16],[-14.6,-0.91],[-21.73,6.01],[0,0]],"v":[[2.7,38.58],[11.66,63.63],[89.79,61.52],[143.6,26.47],[127.37,0.38],[60.52,5.8],[2.7,38.58]]}],"t":84}]}},{"ty":"fl","bm":0,"hd":false,"nm":"","c":{"a":1,"k":[{"o":{"x":0,"y":0},"i":{"x":0.58,"y":1},"s":[0.7223,0.8039,0.9264],"t":0},{"o":{"x":0,"y":0},"i":{"x":0.58,"y":1},"s":[0.7223,0.8039,0.9264],"t":18},{"o":{"x":0,"y":0},"i":{"x":0.58,"y":1},"s":[0.7223,0.8039,0.9264],"t":42},{"o":{"x":0,"y":0},"i":{"x":0.58,"y":1},"s":[0.7223,0.8039,0.9264],"t":60},{"s":[0.7223,0.8039,0.9264],"t":84}]},"r":1,"o":{"a":1,"k":[{"o":{"x":0,"y":0},"i":{"x":0.58,"y":1},"s":[100],"t":0},{"o":{"x":0,"y":0},"i":{"x":0.58,"y":1},"s":[100],"t":18},{"o":{"x":0,"y":0},"i":{"x":0.58,"y":1},"s":[100],"t":42},{"o":{"x":0,"y":0},"i":{"x":0.58,"y":1},"s":[100],"t":60},{"s":[100],"t":84}]}}],"ind":13,"parent":10},{"ty":4,"nm":"body","sr":1,"st":0,"op":85,"ip":0,"hd":false,"ddd":0,"bm":0,"hasMask":false,"ao":0,"ks":{"a":{"a":1,"k":[{"o":{"x":0,"y":0},"i":{"x":0.58,"y":1},"s":[130.72,98.29],"t":0},{"o":{"x":0,"y":0},"i":{"x":0.58,"y":1},"s":[125.9,136.05],"t":18},{"o":{"x":0,"y":0},"i":{"x":0.58,"y":1},"s":[130.72,98.29],"t":42},{"o":{"x":0,"y":0},"i":{"x":0.58,"y":1},"s":[125.9,136.05],"t":60},{"s":[130.72,98.29],"t":84}]},"s":{"a":1,"k":[{"o":{"x":0,"y":0},"i":{"x":0.58,"y":1},"s":[100,100],"t":0},{"o":{"x":0,"y":0},"i":{"x":0.58,"y":1},"s":[100,100],"t":18},{"o":{"x":0,"y":0},"i":{"x":0.58,"y":1},"s":[100,100],"t":42},{"o":{"x":0,"y":0},"i":{"x":0.58,"y":1},"s":[100,100],"t":60},{"s":[100,100],"t":84}]},"sk":{"a":0,"k":0},"p":{"a":1,"k":[{"o":{"x":0,"y":0},"i":{"x":0.58,"y":1},"s":[248.21,364.9],"t":0},{"o":{"x":0,"y":0},"i":{"x":0.58,"y":1},"s":[225.81,327.36],"t":18},{"o":{"x":0,"y":0},"i":{"x":0.58,"y":1},"s":[248.21,364.9],"t":42},{"o":{"x":0,"y":0},"i":{"x":0.58,"y":1},"s":[273.81,327.36],"t":60},{"s":[248.21,364.9],"t":84}]},"r":{"a":1,"k":[{"o":{"x":0,"y":0},"i":{"x":0.58,"y":1},"s":[0],"t":0},{"o":{"x":0,"y":0},"i":{"x":0.58,"y":1},"s":[-13.34],"t":18},{"o":{"x":0,"y":0},"i":{"x":0.58,"y":1},"s":[0],"t":42},{"o":{"x":0,"y":0},"i":{"x":0.58,"y":1},"s":[16.06],"t":60},{"s":[0],"t":84}]},"sa":{"a":0,"k":0},"o":{"a":1,"k":[{"o":{"x":0,"y":0},"i":{"x":0.58,"y":1},"s":[100],"t":0},{"o":{"x":0,"y":0},"i":{"x":0.58,"y":1},"s":[100],"t":18},{"o":{"x":0,"y":0},"i":{"x":0.58,"y":1},"s":[100],"t":42},{"o":{"x":0,"y":0},"i":{"x":0.58,"y":1},"s":[100],"t":60},{"s":[100],"t":84}]}},"shapes":[{"ty":"sh","bm":0,"hd":false,"nm":"","d":1,"ks":{"a":1,"k":[{"o":{"x":0,"y":0},"i":{"x":0.58,"y":1},"s":[{"c":true,"i":[[0,0],[72.2,0],[0,62.96],[-72.2,0],[0,-62.96]],"o":[[0,62.96],[-72.2,0],[0,-62.96],[72.2,0],[0,0]],"v":[[261.44,114],[130.72,196.58],[0,114],[130.72,0],[261.44,114]]}],"t":0},{"o":{"x":0,"y":0},"i":{"x":0.58,"y":1},"s":[{"c":true,"i":[[0,0],[69.53,0],[0,87.15],[-69.53,0],[0,-87.15]],"o":[[0,87.15],[-69.53,0],[0,-87.15],[69.53,0],[0,0]],"v":[[251.81,157.8],[125.9,272.1],[0,157.8],[125.9,0],[251.81,157.8]]}],"t":18},{"o":{"x":0,"y":0},"i":{"x":0.58,"y":1},"s":[{"c":true,"i":[[0,0],[72.2,0],[0,62.96],[-72.2,0],[0,-62.96]],"o":[[0,62.96],[-72.2,0],[0,-62.96],[72.2,0],[0,0]],"v":[[261.44,114],[130.72,196.58],[0,114],[130.72,0],[261.44,114]]}],"t":42},{"o":{"x":0,"y":0},"i":{"x":0.58,"y":1},"s":[{"c":true,"i":[[0,0],[69.53,0],[0,87.15],[-69.53,0],[0,-87.15]],"o":[[0,87.15],[-69.53,0],[0,-87.15],[69.53,0],[0,0]],"v":[[251.81,157.8],[125.9,272.1],[0,157.8],[125.9,0],[251.81,157.8]]}],"t":60},{"s":[{"c":true,"i":[[0,0],[72.2,0],[0,62.96],[-72.2,0],[0,-62.96]],"o":[[0,62.96],[-72.2,0],[0,-62.96],[72.2,0],[0,0]],"v":[[261.44,114],[130.72,196.58],[0,114],[130.72,0],[261.44,114]]}],"t":84}]}},{"ty":"fl","bm":0,"hd":false,"nm":"","c":{"a":1,"k":[{"o":{"x":0,"y":0},"i":{"x":0.58,"y":1},"s":[1,1,1],"t":0},{"o":{"x":0,"y":0},"i":{"x":0.58,"y":1},"s":[1,1,1],"t":18},{"o":{"x":0,"y":0},"i":{"x":0.58,"y":1},"s":[1,1,1],"t":42},{"o":{"x":0,"y":0},"i":{"x":0.58,"y":1},"s":[1,1,1],"t":60},{"s":[1,1,1],"t":84}]},"r":1,"o":{"a":1,"k":[{"o":{"x":0,"y":0},"i":{"x":0.58,"y":1},"s":[100],"t":0},{"o":{"x":0,"y":0},"i":{"x":0.58,"y":1},"s":[100],"t":18},{"o":{"x":0,"y":0},"i":{"x":0.58,"y":1},"s":[100],"t":42},{"o":{"x":0,"y":0},"i":{"x":0.58,"y":1},"s":[100],"t":60},{"s":[100],"t":84}]}}],"ind":14},{"ty":4,"nm":"shadow","sr":1,"st":0,"op":85,"ip":0,"hd":false,"ddd":0,"bm":0,"hasMask":false,"ao":0,"ks":{"a":{"a":1,"k":[{"o":{"x":0,"y":0},"i":{"x":0.58,"y":1},"s":[142.65,8.49],"t":0},{"o":{"x":0,"y":0},"i":{"x":0.58,"y":1},"s":[103.59,8.49],"t":18},{"o":{"x":0,"y":0},"i":{"x":0.58,"y":1},"s":[142.65,8.49],"t":42},{"o":{"x":0,"y":0},"i":{"x":0.58,"y":1},"s":[103.59,8.49],"t":60},{"s":[142.65,8.49],"t":84}]},"s":{"a":1,"k":[{"o":{"x":0,"y":0},"i":{"x":0.58,"y":1},"s":[100,100],"t":0},{"o":{"x":0,"y":0},"i":{"x":0.58,"y":1},"s":[100,100],"t":18},{"o":{"x":0,"y":0},"i":{"x":0.58,"y":1},"s":[100,100],"t":42},{"o":{"x":0,"y":0},"i":{"x":0.58,"y":1},"s":[100,100],"t":60},{"s":[100,100],"t":84}]},"sk":{"a":0,"k":0},"p":{"a":1,"k":[{"o":{"x":0,"y":0},"i":{"x":0.58,"y":1},"s":[250,460],"t":0},{"o":{"x":0,"y":0},"i":{"x":0.58,"y":1},"s":[250,460],"t":18},{"o":{"x":0,"y":0},"i":{"x":0.58,"y":1},"s":[250,460],"t":42},{"o":{"x":0,"y":0},"i":{"x":0.58,"y":1},"s":[250,460],"t":60},{"s":[250,460],"t":84}]},"r":{"a":1,"k":[{"o":{"x":0,"y":0},"i":{"x":0.58,"y":1},"s":[0],"t":0},{"o":{"x":0,"y":0},"i":{"x":0.58,"y":1},"s":[0],"t":18},{"o":{"x":0,"y":0},"i":{"x":0.58,"y":1},"s":[0],"t":42},{"o":{"x":0,"y":0},"i":{"x":0.58,"y":1},"s":[0],"t":60},{"s":[0],"t":84}]},"sa":{"a":0,"k":0},"o":{"a":1,"k":[{"o":{"x":0,"y":0},"i":{"x":0.58,"y":1},"s":[5],"t":0},{"o":{"x":0,"y":0},"i":{"x":0.58,"y":1},"s":[5],"t":18},{"o":{"x":0,"y":0},"i":{"x":0.58,"y":1},"s":[5],"t":42},{"o":{"x":0,"y":0},"i":{"x":0.58,"y":1},"s":[5],"t":60},{"s":[5],"t":84}]}},"shapes":[{"ty":"sh","bm":0,"hd":false,"nm":"","d":1,"ks":{"a":1,"k":[{"o":{"x":0,"y":0},"i":{"x":0.58,"y":1},"s":[{"c":true,"i":[[-78.73,0],[0,-4.69],[78.73,0],[0,4.69]],"o":[[78.73,0],[0,4.69],[-78.73,0],[0,-4.69]],"v":[[142.65,0],[285.3,8.49],[142.65,16.99],[0,8.49]]}],"t":0},{"o":{"x":0,"y":0},"i":{"x":0.58,"y":1},"s":[{"c":true,"i":[[-57.17,0],[0,-4.69],[57.17,0],[0,4.69]],"o":[[57.17,0],[0,4.69],[-57.17,0],[0,-4.69]],"v":[[103.59,0],[207.19,8.49],[103.59,16.99],[0,8.49]]}],"t":18},{"o":{"x":0,"y":0},"i":{"x":0.58,"y":1},"s":[{"c":true,"i":[[-78.73,0],[0,-4.69],[78.73,0],[0,4.69]],"o":[[78.73,0],[0,4.69],[-78.73,0],[0,-4.69]],"v":[[142.65,0],[285.3,8.49],[142.65,16.99],[0,8.49]]}],"t":42},{"o":{"x":0,"y":0},"i":{"x":0.58,"y":1},"s":[{"c":true,"i":[[-57.17,0],[0,-4.69],[57.17,0],[0,4.69]],"o":[[57.17,0],[0,4.69],[-57.17,0],[0,-4.69]],"v":[[103.59,0],[207.19,8.49],[103.59,16.99],[0,8.49]]}],"t":60},{"s":[{"c":true,"i":[[-78.73,0],[0,-4.69],[78.73,0],[0,4.69]],"o":[[78.73,0],[0,4.69],[-78.73,0],[0,-4.69]],"v":[[142.65,0],[285.3,8.49],[142.65,16.99],[0,8.49]]}],"t":84}]}},{"ty":"fl","bm":0,"hd":false,"nm":"","c":{"a":1,"k":[{"o":{"x":0,"y":0},"i":{"x":0.58,"y":1},"s":[0.0209,0.0209,0.0209],"t":0},{"o":{"x":0,"y":0},"i":{"x":0.58,"y":1},"s":[0.0209,0.0209,0.0209],"t":18},{"o":{"x":0,"y":0},"i":{"x":0.58,"y":1},"s":[0.0209,0.0209,0.0209],"t":42},{"o":{"x":0,"y":0},"i":{"x":0.58,"y":1},"s":[0.0209,0.0209,0.0209],"t":60},{"s":[0.0209,0.0209,0.0209],"t":84}]},"r":1,"o":{"a":1,"k":[{"o":{"x":0,"y":0},"i":{"x":0.58,"y":1},"s":[100],"t":0},{"o":{"x":0,"y":0},"i":{"x":0.58,"y":1},"s":[100],"t":18},{"o":{"x":0,"y":0},"i":{"x":0.58,"y":1},"s":[100],"t":42},{"o":{"x":0,"y":0},"i":{"x":0.58,"y":1},"s":[100],"t":60},{"s":[100],"t":84}]}}],"ind":15}],"v":"5.7.0","fr":60,"op":84.18,"ip":0,"assets":[{"nm":"[Asset] head","id":"1","layers":[{"ty":4,"nm":"nose","sr":1,"st":0,"op":85,"ip":0,"hd":false,"ddd":0,"bm":0,"hasMask":false,"ao":0,"ks":{"a":{"a":1,"k":[{"o":{"x":0,"y":0},"i":{"x":0.58,"y":1},"s":[10.99,9.43],"t":0},{"o":{"x":0,"y":0},"i":{"x":0.58,"y":1},"s":[10.99,9.43],"t":18},{"o":{"x":0,"y":0},"i":{"x":0.58,"y":1},"s":[10.99,9.43],"t":42},{"o":{"x":0,"y":0},"i":{"x":0.58,"y":1},"s":[10.99,9.43],"t":60},{"s":[10.99,9.43],"t":84}]},"s":{"a":1,"k":[{"o":{"x":0,"y":0},"i":{"x":0.58,"y":1},"s":[100,100],"t":0},{"o":{"x":0,"y":0},"i":{"x":0.58,"y":1},"s":[100,100],"t":18},{"o":{"x":0,"y":0},"i":{"x":0.58,"y":1},"s":[100,100],"t":42},{"o":{"x":0,"y":0},"i":{"x":0.58,"y":1},"s":[100,100],"t":60},{"s":[100,100],"t":84}]},"sk":{"a":0,"k":0},"p":{"a":1,"k":[{"o":{"x":0,"y":0},"i":{"x":0.58,"y":1},"s":[84.68,88.12],"t":0},{"o":{"x":0,"y":0},"i":{"x":0.58,"y":1},"s":[84.68,88.12],"t":18},{"o":{"x":0,"y":0},"i":{"x":0.58,"y":1},"s":[84.68,88.12],"t":42},{"o":{"x":0,"y":0},"i":{"x":0.58,"y":1},"s":[84.68,88.12],"t":60},{"s":[84.68,88.12],"t":84}]},"r":{"a":1,"k":[{"o":{"x":0,"y":0},"i":{"x":0.58,"y":1},"s":[0],"t":0},{"o":{"x":0,"y":0},"i":{"x":0.58,"y":1},"s":[0],"t":18},{"o":{"x":0,"y":0},"i":{"x":0.58,"y":1},"s":[0],"t":42},{"o":{"x":0,"y":0},"i":{"x":0.58,"y":1},"s":[0],"t":60},{"s":[0],"t":84}]},"sa":{"a":0,"k":0},"o":{"a":1,"k":[{"o":{"x":0,"y":0},"i":{"x":0.58,"y":1},"s":[100],"t":0},{"o":{"x":0,"y":0},"i":{"x":0.58,"y":1},"s":[100],"t":18},{"o":{"x":0,"y":0},"i":{"x":0.58,"y":1},"s":[100],"t":42},{"o":{"x":0,"y":0},"i":{"x":0.58,"y":1},"s":[100],"t":60},{"s":[100],"t":84}]}},"ef":[],"shapes":[{"ty":"sh","bm":0,"hd":false,"nm":"","d":1,"ks":{"a":1,"k":[{"o":{"x":0,"y":0},"i":{"x":0.58,"y":1},"s":[{"c":true,"i":[[-6.07,0],[0,-5.21],[6.07,0],[0,5.21]],"o":[[6.07,0],[0,5.21],[-6.07,0],[0,-5.21]],"v":[[10.99,0],[21.98,9.43],[10.99,18.87],[0,9.43]]}],"t":0},{"o":{"x":0,"y":0},"i":{"x":0.58,"y":1},"s":[{"c":true,"i":[[-6.07,0],[0,-5.21],[6.07,0],[0,5.21]],"o":[[6.07,0],[0,5.21],[-6.07,0],[0,-5.21]],"v":[[10.99,0],[21.98,9.43],[10.99,18.87],[0,9.43]]}],"t":18},{"o":{"x":0,"y":0},"i":{"x":0.58,"y":1},"s":[{"c":true,"i":[[-6.07,0],[0,-5.21],[6.07,0],[0,5.21]],"o":[[6.07,0],[0,5.21],[-6.07,0],[0,-5.21]],"v":[[10.99,0],[21.98,9.43],[10.99,18.87],[0,9.43]]}],"t":42},{"o":{"x":0,"y":0},"i":{"x":0.58,"y":1},"s":[{"c":true,"i":[[-6.07,0],[0,-5.21],[6.07,0],[0,5.21]],"o":[[6.07,0],[0,5.21],[-6.07,0],[0,-5.21]],"v":[[10.99,0],[21.98,9.43],[10.99,18.87],[0,9.43]]}],"t":60},{"s":[{"c":true,"i":[[-6.07,0],[0,-5.21],[6.07,0],[0,5.21]],"o":[[6.07,0],[0,5.21],[-6.07,0],[0,-5.21]],"v":[[10.99,0],[21.98,9.43],[10.99,18.87],[0,9.43]]}],"t":84}]}},{"ty":"fl","bm":0,"hd":false,"nm":"","c":{"a":1,"k":[{"o":{"x":0,"y":0},"i":{"x":0.58,"y":1},"s":[0.9391,0.6318,0.171],"t":0},{"o":{"x":0,"y":0},"i":{"x":0.58,"y":1},"s":[0.9391,0.6318,0.171],"t":18},{"o":{"x":0,"y":0},"i":{"x":0.58,"y":1},"s":[0.9391,0.6318,0.171],"t":42},{"o":{"x":0,"y":0},"i":{"x":0.58,"y":1},"s":[0.9391,0.6318,0.171],"t":60},{"s":[0.9391,0.6318,0.171],"t":84}]},"r":1,"o":{"a":1,"k":[{"o":{"x":0,"y":0},"i":{"x":0.58,"y":1},"s":[100],"t":0},{"o":{"x":0,"y":0},"i":{"x":0.58,"y":1},"s":[100],"t":18},{"o":{"x":0,"y":0},"i":{"x":0.58,"y":1},"s":[100],"t":42},{"o":{"x":0,"y":0},"i":{"x":0.58,"y":1},"s":[100],"t":60},{"s":[100],"t":84}]}}],"ind":1},{"ty":4,"nm":"l eye","sr":1,"st":0,"op":85,"ip":0,"hd":false,"ddd":0,"bm":0,"hasMask":false,"ao":0,"ks":{"a":{"a":1,"k":[{"o":{"x":0,"y":0},"i":{"x":0.58,"y":1},"s":[12.42,12.42],"t":0},{"o":{"x":0,"y":0},"i":{"x":0.58,"y":1},"s":[12.42,12.42],"t":18},{"o":{"x":0,"y":0},"i":{"x":0.58,"y":1},"s":[12.42,12.42],"t":42},{"o":{"x":0,"y":0},"i":{"x":0.58,"y":1},"s":[12.42,12.42],"t":60},{"s":[12.42,12.42],"t":84}]},"s":{"a":1,"k":[{"o":{"x":0,"y":0},"i":{"x":0.58,"y":1},"s":[100,100],"t":0},{"o":{"x":0,"y":0},"i":{"x":0.58,"y":1},"s":[100,100],"t":18},{"o":{"x":0,"y":0},"i":{"x":0.58,"y":1},"s":[100,100],"t":42},{"o":{"x":0,"y":0},"i":{"x":0.58,"y":1},"s":[100,100],"t":60},{"s":[100,100],"t":84}]},"sk":{"a":0,"k":0},"p":{"a":1,"k":[{"o":{"x":0,"y":0},"i":{"x":0.58,"y":1},"s":[120.81,80.44],"t":0},{"o":{"x":0,"y":0},"i":{"x":0.58,"y":1},"s":[120.81,80.44],"t":18},{"o":{"x":0,"y":0},"i":{"x":0.58,"y":1},"s":[120.81,80.44],"t":42},{"o":{"x":0,"y":0},"i":{"x":0.58,"y":1},"s":[120.81,80.44],"t":60},{"s":[120.81,80.44],"t":84}]},"r":{"a":1,"k":[{"o":{"x":0,"y":0},"i":{"x":0.58,"y":1},"s":[0],"t":0},{"o":{"x":0,"y":0},"i":{"x":0.58,"y":1},"s":[0],"t":18},{"o":{"x":0,"y":0},"i":{"x":0.58,"y":1},"s":[0],"t":42},{"o":{"x":0,"y":0},"i":{"x":0.58,"y":1},"s":[0],"t":60},{"s":[0],"t":84}]},"sa":{"a":0,"k":0},"o":{"a":1,"k":[{"o":{"x":0,"y":0},"i":{"x":0.58,"y":1},"s":[100],"t":0},{"o":{"x":0,"y":0},"i":{"x":0.58,"y":1},"s":[100],"t":18},{"o":{"x":0,"y":0},"i":{"x":0.58,"y":1},"s":[100],"t":42},{"o":{"x":0,"y":0},"i":{"x":0.58,"y":1},"s":[100],"t":60},{"s":[100],"t":84}]}},"ef":[],"shapes":[{"ty":"sh","bm":0,"hd":false,"nm":"","d":1,"ks":{"a":1,"k":[{"o":{"x":0,"y":0},"i":{"x":0.58,"y":1},"s":[{"c":true,"i":[[-6.86,0],[0,-6.86],[6.86,0],[0,6.86]],"o":[[6.86,0],[0,6.86],[-6.86,0],[0,-6.86]],"v":[[12.42,0],[24.85,12.42],[12.42,24.85],[0,12.42]]}],"t":0},{"o":{"x":0,"y":0},"i":{"x":0.58,"y":1},"s":[{"c":true,"i":[[-6.86,0],[0,-6.86],[6.86,0],[0,6.86]],"o":[[6.86,0],[0,6.86],[-6.86,0],[0,-6.86]],"v":[[12.42,0],[24.85,12.42],[12.42,24.85],[0,12.42]]}],"t":18},{"o":{"x":0,"y":0},"i":{"x":0.58,"y":1},"s":[{"c":true,"i":[[-6.86,0],[0,-6.86],[6.86,0],[0,6.86]],"o":[[6.86,0],[0,6.86],[-6.86,0],[0,-6.86]],"v":[[12.42,0],[24.85,12.42],[12.42,24.85],[0,12.42]]}],"t":42},{"o":{"x":0,"y":0},"i":{"x":0.58,"y":1},"s":[{"c":true,"i":[[-6.86,0],[0,-6.86],[6.86,0],[0,6.86]],"o":[[6.86,0],[0,6.86],[-6.86,0],[0,-6.86]],"v":[[12.42,0],[24.85,12.42],[12.42,24.85],[0,12.42]]}],"t":60},{"s":[{"c":true,"i":[[-6.86,0],[0,-6.86],[6.86,0],[0,6.86]],"o":[[6.86,0],[0,6.86],[-6.86,0],[0,-6.86]],"v":[[12.42,0],[24.85,12.42],[12.42,24.85],[0,12.42]]}],"t":84}]}},{"ty":"fl","bm":0,"hd":false,"nm":"","c":{"a":1,"k":[{"o":{"x":0,"y":0},"i":{"x":0.58,"y":1},"s":[0.3411,0.3411,0.3411],"t":0},{"o":{"x":0,"y":0},"i":{"x":0.58,"y":1},"s":[0.3411,0.3411,0.3411],"t":18},{"o":{"x":0,"y":0},"i":{"x":0.58,"y":1},"s":[0.3411,0.3411,0.3411],"t":42},{"o":{"x":0,"y":0},"i":{"x":0.58,"y":1},"s":[0.3411,0.3411,0.3411],"t":60},{"s":[0.3411,0.3411,0.3411],"t":84}]},"r":1,"o":{"a":1,"k":[{"o":{"x":0,"y":0},"i":{"x":0.58,"y":1},"s":[100],"t":0},{"o":{"x":0,"y":0},"i":{"x":0.58,"y":1},"s":[100],"t":18},{"o":{"x":0,"y":0},"i":{"x":0.58,"y":1},"s":[100],"t":42},{"o":{"x":0,"y":0},"i":{"x":0.58,"y":1},"s":[100],"t":60},{"s":[100],"t":84}]}}],"ind":2},{"ty":4,"nm":"r eye","sr":1,"st":0,"op":85,"ip":0,"hd":false,"ddd":0,"bm":0,"hasMask":false,"ao":0,"ks":{"a":{"a":1,"k":[{"o":{"x":0,"y":0},"i":{"x":0.58,"y":1},"s":[12.42,12.42],"t":0},{"o":{"x":0,"y":0},"i":{"x":0.58,"y":1},"s":[12.42,12.42],"t":18},{"o":{"x":0,"y":0},"i":{"x":0.58,"y":1},"s":[12.42,12.42],"t":42},{"o":{"x":0,"y":0},"i":{"x":0.58,"y":1},"s":[12.42,12.42],"t":60},{"s":[12.42,12.42],"t":84}]},"s":{"a":1,"k":[{"o":{"x":0,"y":0},"i":{"x":0.58,"y":1},"s":[100,100],"t":0},{"o":{"x":0,"y":0},"i":{"x":0.58,"y":1},"s":[100,100],"t":18},{"o":{"x":0,"y":0},"i":{"x":0.58,"y":1},"s":[100,100],"t":42},{"o":{"x":0,"y":0},"i":{"x":0.58,"y":1},"s":[100,100],"t":60},{"s":[100,100],"t":84}]},"sk":{"a":0,"k":0},"p":{"a":1,"k":[{"o":{"x":0,"y":0},"i":{"x":0.58,"y":1},"s":[46.95,80.44],"t":0},{"o":{"x":0,"y":0},"i":{"x":0.58,"y":1},"s":[46.95,80.44],"t":18},{"o":{"x":0,"y":0},"i":{"x":0.58,"y":1},"s":[46.95,80.44],"t":42},{"o":{"x":0,"y":0},"i":{"x":0.58,"y":1},"s":[46.95,80.44],"t":60},{"s":[46.95,80.44],"t":84}]},"r":{"a":1,"k":[{"o":{"x":0,"y":0},"i":{"x":0.58,"y":1},"s":[0],"t":0},{"o":{"x":0,"y":0},"i":{"x":0.58,"y":1},"s":[0],"t":18},{"o":{"x":0,"y":0},"i":{"x":0.58,"y":1},"s":[0],"t":42},{"o":{"x":0,"y":0},"i":{"x":0.58,"y":1},"s":[0],"t":60},{"s":[0],"t":84}]},"sa":{"a":0,"k":0},"o":{"a":1,"k":[{"o":{"x":0,"y":0},"i":{"x":0.58,"y":1},"s":[100],"t":0},{"o":{"x":0,"y":0},"i":{"x":0.58,"y":1},"s":[100],"t":18},{"o":{"x":0,"y":0},"i":{"x":0.58,"y":1},"s":[100],"t":42},{"o":{"x":0,"y":0},"i":{"x":0.58,"y":1},"s":[100],"t":60},{"s":[100],"t":84}]}},"ef":[],"shapes":[{"ty":"sh","bm":0,"hd":false,"nm":"","d":1,"ks":{"a":1,"k":[{"o":{"x":0,"y":0},"i":{"x":0.58,"y":1},"s":[{"c":true,"i":[[-6.86,0],[0,-6.86],[6.86,0],[0,6.86]],"o":[[6.86,0],[0,6.86],[-6.86,0],[0,-6.86]],"v":[[12.42,0],[24.85,12.42],[12.42,24.85],[0,12.42]]}],"t":0},{"o":{"x":0,"y":0},"i":{"x":0.58,"y":1},"s":[{"c":true,"i":[[-6.86,0],[0,-6.86],[6.86,0],[0,6.86]],"o":[[6.86,0],[0,6.86],[-6.86,0],[0,-6.86]],"v":[[12.42,0],[24.85,12.42],[12.42,24.85],[0,12.42]]}],"t":18},{"o":{"x":0,"y":0},"i":{"x":0.58,"y":1},"s":[{"c":true,"i":[[-6.86,0],[0,-6.86],[6.86,0],[0,6.86]],"o":[[6.86,0],[0,6.86],[-6.86,0],[0,-6.86]],"v":[[12.42,0],[24.85,12.42],[12.42,24.85],[0,12.42]]}],"t":42},{"o":{"x":0,"y":0},"i":{"x":0.58,"y":1},"s":[{"c":true,"i":[[-6.86,0],[0,-6.86],[6.86,0],[0,6.86]],"o":[[6.86,0],[0,6.86],[-6.86,0],[0,-6.86]],"v":[[12.42,0],[24.85,12.42],[12.42,24.85],[0,12.42]]}],"t":60},{"s":[{"c":true,"i":[[-6.86,0],[0,-6.86],[6.86,0],[0,6.86]],"o":[[6.86,0],[0,6.86],[-6.86,0],[0,-6.86]],"v":[[12.42,0],[24.85,12.42],[12.42,24.85],[0,12.42]]}],"t":84}]}},{"ty":"fl","bm":0,"hd":false,"nm":"","c":{"a":1,"k":[{"o":{"x":0,"y":0},"i":{"x":0.58,"y":1},"s":[0.3411,0.3411,0.3411],"t":0},{"o":{"x":0,"y":0},"i":{"x":0.58,"y":1},"s":[0.3411,0.3411,0.3411],"t":18},{"o":{"x":0,"y":0},"i":{"x":0.58,"y":1},"s":[0.3411,0.3411,0.3411],"t":42},{"o":{"x":0,"y":0},"i":{"x":0.58,"y":1},"s":[0.3411,0.3411,0.3411],"t":60},{"s":[0.3411,0.3411,0.3411],"t":84}]},"r":1,"o":{"a":1,"k":[{"o":{"x":0,"y":0},"i":{"x":0.58,"y":1},"s":[100],"t":0},{"o":{"x":0,"y":0},"i":{"x":0.58,"y":1},"s":[100],"t":18},{"o":{"x":0,"y":0},"i":{"x":0.58,"y":1},"s":[100],"t":42},{"o":{"x":0,"y":0},"i":{"x":0.58,"y":1},"s":[100],"t":60},{"s":[100],"t":84}]}}],"ind":3},{"ty":4,"nm":"Mouth","sr":1,"st":0,"op":85,"ip":0,"hd":false,"ddd":0,"bm":0,"hasMask":false,"ao":0,"ks":{"a":{"a":1,"k":[{"o":{"x":0,"y":0},"i":{"x":0.58,"y":1},"s":[23.4,5.17],"t":0},{"o":{"x":0,"y":0},"i":{"x":0.58,"y":1},"s":[23.4,5.17],"t":18},{"o":{"x":0,"y":0},"i":{"x":0.58,"y":1},"s":[23.4,5.17],"t":42},{"o":{"x":0,"y":0},"i":{"x":0.58,"y":1},"s":[23.4,5.17],"t":60},{"s":[23.4,5.17],"t":84}]},"s":{"a":1,"k":[{"o":{"x":0,"y":0},"i":{"x":0.58,"y":1},"s":[100,100],"t":0},{"o":{"x":0,"y":0},"i":{"x":0.58,"y":1},"s":[100,100],"t":18},{"o":{"x":0,"y":0},"i":{"x":0.58,"y":1},"s":[100,100],"t":42},{"o":{"x":0,"y":0},"i":{"x":0.58,"y":1},"s":[100,100],"t":60},{"s":[100,100],"t":84}]},"sk":{"a":0,"k":0},"p":{"a":1,"k":[{"o":{"x":0,"y":0},"i":{"x":0.58,"y":1},"s":[84.98,101.69],"t":0},{"o":{"x":0,"y":0},"i":{"x":0.58,"y":1},"s":[86.38,109.96],"t":18},{"o":{"x":0,"y":0},"i":{"x":0.58,"y":1},"s":[84.98,101.69],"t":42},{"o":{"x":0,"y":0},"i":{"x":0.58,"y":1},"s":[82.42,109.7],"t":60},{"s":[84.98,101.69],"t":84}]},"r":{"a":1,"k":[{"o":{"x":0,"y":0},"i":{"x":0.58,"y":1},"s":[0],"t":0},{"o":{"x":0,"y":0},"i":{"x":0.58,"y":1},"s":[0],"t":18},{"o":{"x":0,"y":0},"i":{"x":0.58,"y":1},"s":[0],"t":42},{"o":{"x":0,"y":0},"i":{"x":0.58,"y":1},"s":[0],"t":60},{"s":[0],"t":84}]},"sa":{"a":0,"k":0},"o":{"a":1,"k":[{"o":{"x":0,"y":0},"i":{"x":0.58,"y":1},"s":[100],"t":0},{"o":{"x":0,"y":0},"i":{"x":0.58,"y":1},"s":[100],"t":18},{"o":{"x":0,"y":0},"i":{"x":0.58,"y":1},"s":[100],"t":42},{"o":{"x":0,"y":0},"i":{"x":0.58,"y":1},"s":[100],"t":60},{"s":[100],"t":84}]}},"ef":[],"shapes":[{"ty":"sh","bm":0,"hd":false,"nm":"","d":1,"ks":{"a":1,"k":[{"o":{"x":0,"y":0},"i":{"x":0.58,"y":1},"s":[{"c":false,"i":[[0,0],[-16.87,0],[0,0]],"o":[[0,0],[16.87,0],[0,0]],"v":[[0,0],[23.4,10.34],[46.8,0]]}],"t":0},{"o":{"x":0,"y":0},"i":{"x":0.58,"y":1},"s":[{"c":false,"i":[[0,0],[-16.87,0],[0,0]],"o":[[0,0],[16.87,0],[0,0]],"v":[[0,0],[23.4,10.34],[46.8,0]]}],"t":18},{"o":{"x":0,"y":0},"i":{"x":0.58,"y":1},"s":[{"c":false,"i":[[0,0],[-16.87,0],[0,0]],"o":[[0,0],[16.87,0],[0,0]],"v":[[0,0],[23.4,10.34],[46.8,0]]}],"t":42},{"o":{"x":0,"y":0},"i":{"x":0.58,"y":1},"s":[{"c":false,"i":[[0,0],[-16.87,0],[0,0]],"o":[[0,0],[16.87,0],[0,0]],"v":[[0,0],[23.4,10.34],[46.8,0]]}],"t":60},{"s":[{"c":false,"i":[[0,0],[-16.87,0],[0,0]],"o":[[0,0],[16.87,0],[0,0]],"v":[[0,0],[23.4,10.34],[46.8,0]]}],"t":84}]}},{"ty":"st","bm":0,"hd":false,"nm":"","lc":2,"lj":1,"ml":4,"o":{"a":1,"k":[{"o":{"x":0,"y":0},"i":{"x":0.58,"y":1},"s":[100],"t":0},{"o":{"x":0,"y":0},"i":{"x":0.58,"y":1},"s":[100],"t":18},{"o":{"x":0,"y":0},"i":{"x":0.58,"y":1},"s":[100],"t":42},{"o":{"x":0,"y":0},"i":{"x":0.58,"y":1},"s":[100],"t":60},{"s":[100],"t":84}]},"w":{"a":1,"k":[{"o":{"x":0,"y":0},"i":{"x":0.58,"y":1},"s":[5],"t":0},{"o":{"x":0,"y":0},"i":{"x":0.58,"y":1},"s":[5],"t":18},{"o":{"x":0,"y":0},"i":{"x":0.58,"y":1},"s":[5],"t":42},{"o":{"x":0,"y":0},"i":{"x":0.58,"y":1},"s":[5],"t":60},{"s":[5],"t":84}]},"c":{"a":1,"k":[{"o":{"x":0,"y":0},"i":{"x":0.58,"y":1},"s":[0.3411,0.3411,0.3411],"t":0},{"o":{"x":0,"y":0},"i":{"x":0.58,"y":1},"s":[0.3411,0.3411,0.3411],"t":18},{"o":{"x":0,"y":0},"i":{"x":0.58,"y":1},"s":[0.3411,0.3411,0.3411],"t":42},{"o":{"x":0,"y":0},"i":{"x":0.58,"y":1},"s":[0.3411,0.3411,0.3411],"t":60},{"s":[0.3411,0.3411,0.3411],"t":84}]}}],"ind":4},{"ty":4,"nm":"head Bg","sr":1,"st":0,"op":85,"ip":0,"hd":false,"ddd":0,"bm":0,"hasMask":false,"ao":0,"ks":{"a":{"a":1,"k":[{"o":{"x":0,"y":0},"i":{"x":0.58,"y":1},"s":[83.5,62.91],"t":0},{"o":{"x":0,"y":0},"i":{"x":0.58,"y":1},"s":[83.5,75.42],"t":18},{"o":{"x":0,"y":0},"i":{"x":0.58,"y":1},"s":[83.5,62.91],"t":42},{"o":{"x":0,"y":0},"i":{"x":0.58,"y":1},"s":[83.5,75.42],"t":60},{"s":[83.5,62.91],"t":84}]},"s":{"a":1,"k":[{"o":{"x":0,"y":0},"i":{"x":0.58,"y":1},"s":[100,100],"t":0},{"o":{"x":0,"y":0},"i":{"x":0.58,"y":1},"s":[100,100],"t":18},{"o":{"x":0,"y":0},"i":{"x":0.58,"y":1},"s":[100,100],"t":42},{"o":{"x":0,"y":0},"i":{"x":0.58,"y":1},"s":[100,100],"t":60},{"s":[100,100],"t":84}]},"sk":{"a":0,"k":0},"p":{"a":1,"k":[{"o":{"x":0,"y":0},"i":{"x":0.58,"y":1},"s":[83.24,88.41],"t":0},{"o":{"x":0,"y":0},"i":{"x":0.58,"y":1},"s":[83.24,75.9],"t":18},{"o":{"x":0,"y":0},"i":{"x":0.58,"y":1},"s":[83.24,88.41],"t":42},{"o":{"x":0,"y":0},"i":{"x":0.58,"y":1},"s":[83.24,75.9],"t":60},{"s":[83.24,88.41],"t":84}]},"r":{"a":1,"k":[{"o":{"x":0,"y":0},"i":{"x":0.58,"y":1},"s":[0],"t":0},{"o":{"x":0,"y":0},"i":{"x":0.58,"y":1},"s":[0],"t":18},{"o":{"x":0,"y":0},"i":{"x":0.58,"y":1},"s":[0],"t":42},{"o":{"x":0,"y":0},"i":{"x":0.58,"y":1},"s":[0],"t":60},{"s":[0],"t":84}]},"sa":{"a":0,"k":0},"o":{"a":1,"k":[{"o":{"x":0,"y":0},"i":{"x":0.58,"y":1},"s":[100],"t":0},{"o":{"x":0,"y":0},"i":{"x":0.58,"y":1},"s":[100],"t":18},{"o":{"x":0,"y":0},"i":{"x":0.58,"y":1},"s":[100],"t":42},{"o":{"x":0,"y":0},"i":{"x":0.58,"y":1},"s":[100],"t":60},{"s":[100],"t":84}]}},"ef":[],"shapes":[{"ty":"sh","bm":0,"hd":false,"nm":"","d":1,"ks":{"a":1,"k":[{"o":{"x":0,"y":0},"i":{"x":0.58,"y":1},"s":[{"c":true,"i":[[0,0],[46.12,0],[0,38.47],[-46.12,0],[0,-38.47]],"o":[[0,38.47],[-46.12,0],[0,-38.47],[46.12,0],[0,0]],"v":[[167,69.65],[83.5,125.83],[0,69.65],[83.5,0],[167,69.65]]}],"t":0},{"o":{"x":0,"y":0},"i":{"x":0.58,"y":1},"s":[{"c":true,"i":[[0,0],[46.12,0],[0,46.12],[-46.12,0],[0,-46.12]],"o":[[0,46.12],[-46.12,0],[0,-46.12],[46.12,0],[0,0]],"v":[[167,83.5],[83.5,150.85],[0,83.5],[83.5,0],[167,83.5]]}],"t":18},{"o":{"x":0,"y":0},"i":{"x":0.58,"y":1},"s":[{"c":true,"i":[[0,0],[46.12,0],[0,38.47],[-46.12,0],[0,-38.47]],"o":[[0,38.47],[-46.12,0],[0,-38.47],[46.12,0],[0,0]],"v":[[167,69.65],[83.5,125.83],[0,69.65],[83.5,0],[167,69.65]]}],"t":42},{"o":{"x":0,"y":0},"i":{"x":0.58,"y":1},"s":[{"c":true,"i":[[0,0],[46.12,0],[0,46.12],[-46.12,0],[0,-46.12]],"o":[[0,46.12],[-46.12,0],[0,-46.12],[46.12,0],[0,0]],"v":[[167,83.5],[83.5,150.85],[0,83.5],[83.5,0],[167,83.5]]}],"t":60},{"s":[{"c":true,"i":[[0,0],[46.12,0],[0,38.47],[-46.12,0],[0,-38.47]],"o":[[0,38.47],[-46.12,0],[0,-38.47],[46.12,0],[0,0]],"v":[[167,69.65],[83.5,125.83],[0,69.65],[83.5,0],[167,69.65]]}],"t":84}]}},{"ty":"fl","bm":0,"hd":false,"nm":"","c":{"a":1,"k":[{"o":{"x":0,"y":0},"i":{"x":0.58,"y":1},"s":[0.9961,0.9961,0.9961],"t":0},{"o":{"x":0,"y":0},"i":{"x":0.58,"y":1},"s":[0.9961,0.9961,0.9961],"t":18},{"o":{"x":0,"y":0},"i":{"x":0.58,"y":1},"s":[0.9961,0.9961,0.9961],"t":42},{"o":{"x":0,"y":0},"i":{"x":0.58,"y":1},"s":[0.9961,0.9961,0.9961],"t":60},{"s":[0.9961,0.9961,0.9961],"t":84}]},"r":1,"o":{"a":1,"k":[{"o":{"x":0,"y":0},"i":{"x":0.58,"y":1},"s":[100],"t":0},{"o":{"x":0,"y":0},"i":{"x":0.58,"y":1},"s":[100],"t":18},{"o":{"x":0,"y":0},"i":{"x":0.58,"y":1},"s":[100],"t":42},{"o":{"x":0,"y":0},"i":{"x":0.58,"y":1},"s":[100],"t":60},{"s":[100],"t":84}]}}],"ind":5}]}]}